audit_group,bucket,method,l2_key,scene_frame,l2_item,family,question_index,question_id,question,answer,predicted,image_path,auto_valid_failure,auto_issue_type,auto_confidence,auto_notes,manual_valid_failure,manual_issue_type,manual_notes
advtest_only_l2_001,advtest_only_l2,advtest,scene-0092_frame39::barrier13|barrier5|barrier37,scene-0092_frame39,barrier13|barrier5|barrier37,converge,397,193,"What barrier is to the front of barrier13 and to the front of barrier37, and to the back of barrier8, and to the back of barrier23?",barrier5,The barrier in front of barrier13 and barrier37 is a metal fence.,E:\Project\ADVTEST\scratch\rq1_mplug_call1000\runs\mplug-four-methods-call1000\results\mosaics\scene-0092_frame39_mosaic.jpg,yes,valid_visual_or_structural_error,medium,Prediction points to a different object/category or wrong candidate id.,yes,valid_visual_or_structural_error,ASSISTED_REVIEW: copied from auto-prefill (confidence=medium). Prediction points to a different object/category or wrong candidate id.
advtest_only_l2_002,advtest_only_l2,advtest,scene-0036_frame19::pedestrian4|barrier10|truck2,scene-0036_frame19,pedestrian4|barrier10|truck2,converge,264,92,"What barrier is positioned to the back of ego and also to the back right of pedestrian4, and to the back left of truck2, and to the back of barrier13?",barrier10,"A barrier is positioned to the back of ego and also to the back right of pedestrian4, and to the back left of truck2, and to the back of barrier13.",E:\Project\ADVTEST\scratch\rq1_mplug_call1000\runs\mplug-four-methods-call1000\results\mosaics\scene-0036_frame19_mosaic.jpg,yes,valid_visual_or_structural_error,medium,Prediction points to a different object/category or wrong candidate id.,yes,valid_visual_or_structural_error,ASSISTED_REVIEW: copied from auto-prefill (confidence=medium). Prediction points to a different object/category or wrong candidate id.
advtest_only_l2_003,advtest_only_l2,advtest,scene-0102_frame39::pedestrian12|pedestrian4|pedestrian2,scene-0102_frame39,pedestrian12|pedestrian4|pedestrian2,converge,805,30,"What pedestrian is positioned to the back of pedestrian12 and also to the front of pedestrian7, and to the front of pedestrian2, and to the back of pedestrian10?",pedestrian4,"The pedestrian positioned to the back of pedestrian12 and also to the front of pedestrian7, and to the front of pedestrian2, and to the back of pedestrian10 is pedestrian",E:\Project\ADVTEST\scratch\rq1_mplug_call1000\runs\mplug-four-methods-call1000\results\mosaics\scene-0102_frame39_mosaic.jpg,yes,valid_visual_or_structural_error,medium,Prediction points to a different object/category or wrong candidate id.,yes,valid_visual_or_structural_error,ASSISTED_REVIEW: copied from auto-prefill (confidence=medium). Prediction points to a different object/category or wrong candidate id.
advtest_only_l2_004,advtest_only_l2,advtest,scene-0102_frame31::car3|pedestrian32|ego,scene-0102_frame31,car3|pedestrian32|ego,converge,794,102,"There is a pedestrian to the front of car3 and to the back left of pedestrian1, and to the front of pedestrian34, and to the back of ego; what is it?",pedestrian32,It is a bridge.,E:\Project\ADVTEST\scratch\rq1_mplug_call1000\runs\mplug-four-methods-call1000\results\mosaics\scene-0102_frame31_mosaic.jpg,uncertain,other,low,Heuristic cannot confidently classify this failure; manual review required.,uncertain,other,ASSISTED_REVIEW: retained as uncertain because auto-prefill confidence is low. Heuristic cannot confidently classify this failure; manual review required.
advtest_only_l2_005,advtest_only_l2,advtest,scene-0035_frame14::car4|car2|car8,scene-0035_frame14,car4|car2|car8,converge,120,106,"Which car can be found to the front of car1 and to the front of car4, and to the back of car7, and to the front of car8?",car2,"The car that can be found to the front of car1 and to the front of car4, and to the back of car7, and to the front of car8 is a white car.",E:\Project\ADVTEST\scratch\rq1_mplug_call1000\runs\mplug-four-methods-call1000\results\mosaics\scene-0035_frame14_mosaic.jpg,yes,valid_visual_or_structural_error,medium,Prediction points to a different object/category or wrong candidate id.,yes,valid_visual_or_structural_error,ASSISTED_REVIEW: copied from auto-prefill (confidence=medium). Prediction points to a different object/category or wrong candidate id.
advtest_only_l2_006,advtest_only_l2,advtest,scene-0098_frame15::barrier7|car16|car14,scene-0098_frame15,barrier7|car16|car14,converge,562,91,"What car is to the back right of barrier7 and to the back of car2, and to the front of car14, and to the back of car5?",car16,"The car to the back right of barrier7 and to the back of car2, and to the front of car14, and to the back of car5 is a black car.",E:\Project\ADVTEST\scratch\rq1_mplug_call1000\runs\mplug-four-methods-call1000\results\mosaics\scene-0098_frame15_mosaic.jpg,yes,valid_visual_or_structural_error,medium,Prediction points to a different object/category or wrong candidate id.,yes,valid_visual_or_structural_error,ASSISTED_REVIEW: copied from auto-prefill (confidence=medium). Prediction points to a different object/category or wrong candidate id.
advtest_only_l2_007,advtest_only_l2,advtest,scene-0098_frame15::barrier4|barrier7|car6,scene-0098_frame15,barrier4|barrier7|car6,converge,565,177,"Which barrier can be found to the back left of car2 and to the back of car6, and to the back of barrier2, and to the front of barrier4?",barrier7,"The barrier can be found to the back left of car2 and to the back of car6, and to the back of barrier2, and to the front of barrier4.",E:\Project\ADVTEST\scratch\rq1_mplug_call1000\runs\mplug-four-methods-call1000\results\mosaics\scene-0098_frame15_mosaic.jpg,yes,valid_visual_or_structural_error,medium,Prediction points to a different object/category or wrong candidate id.,yes,valid_visual_or_structural_error,ASSISTED_REVIEW: copied from auto-prefill (confidence=medium). Prediction points to a different object/category or wrong candidate id.
advtest_only_l2_008,advtest_only_l2,advtest,scene-0102_frame31::pedestrian11|pedestrian16|pedestrian19,scene-0102_frame31,pedestrian11|pedestrian16|pedestrian19,converge,782,9,"There is a pedestrian to the back of pedestrian19 and to the back of pedestrian4, and to the front of pedestrian11; what is it?",pedestrian16,"The pedestrian is located in the middle of the image, between pedestrian19 and pedestrian4, and in front of pedestrian11.",E:\Project\ADVTEST\scratch\rq1_mplug_call1000\runs\mplug-four-methods-call1000\results\mosaics\scene-0102_frame31_mosaic.jpg,yes,valid_visual_or_structural_error,medium,Prediction points to a different object/category or wrong candidate id.,yes,valid_visual_or_structural_error,ASSISTED_REVIEW: copied from auto-prefill (confidence=medium). Prediction points to a different object/category or wrong candidate id.
advtest_only_l2_009,advtest_only_l2,advtest,scene-0013_frame31::car5|bicycle2|ego,scene-0013_frame31,car5|bicycle2|ego,converge,27,25,Which bicycle can be found to the front left of car5 and to the back right of ego?,bicycle2,The bicycle can be found to the front left of car5 and to the back right of ego.,E:\Project\ADVTEST\scratch\rq1_mplug_call1000\runs\mplug-four-methods-call1000\results\mosaics\scene-0013_frame31_mosaic.jpg,yes,valid_visual_or_structural_error,medium,Prediction points to a different object/category or wrong candidate id.,yes,valid_visual_or_structural_error,ASSISTED_REVIEW: copied from auto-prefill (confidence=medium). Prediction points to a different object/category or wrong candidate id.
advtest_only_l2_010,advtest_only_l2,advtest,scene-0099_frame35::car10|barrier23|trailer1,scene-0099_frame35,car10|barrier23|trailer1,converge,642,193,"Which barrier can be found to the back right of car10 and to the front right of trailer1, and to the front of pedestrian2, and to the back of barrier31?",barrier23,"The barrier can be found to the back right of car10 and to the front right of trailer1, and to the front of pedestrian2, and to the back of barrier31.",E:\Project\ADVTEST\scratch\rq1_mplug_call1000\runs\mplug-four-methods-call1000\results\mosaics\scene-0099_frame35_mosaic.jpg,yes,valid_visual_or_structural_error,medium,Prediction points to a different object/category or wrong candidate id.,yes,valid_visual_or_structural_error,ASSISTED_REVIEW: copied from auto-prefill (confidence=medium). Prediction points to a different object/category or wrong candidate id.
advtest_only_l2_011,advtest_only_l2,advtest,scene-0094_frame7::barrier2|car11|car12,scene-0094_frame7,barrier2|car11|car12,direction_chain,448,53,"From car11's perspective, are barrier2 and car12 in the same direction?",False,"Yes, from car11's perspective, barrier2 and car12 are in the same direction.",E:\Project\ADVTEST\scratch\rq1_mplug_call1000\runs\mplug-four-methods-call1000\results\mosaics\scene-0094_frame7_mosaic.jpg,yes,valid_visual_or_structural_error,high,Expected false/no but prediction is affirmative.,yes,valid_visual_or_structural_error,ASSISTED_REVIEW: copied from auto-prefill (confidence=high). Expected false/no but prediction is affirmative.
advtest_only_l2_012,advtest_only_l2,advtest,scene-0013_frame31::car4|car1|car5,scene-0013_frame31,car4|car1|car5,direction_chain,44,44,"From car1's perspective, are car4 and car5 in the same direction?",False,"Yes, from car1's perspective, car4 and car5 are in the same direction.",E:\Project\ADVTEST\scratch\rq1_mplug_call1000\runs\mplug-four-methods-call1000\results\mosaics\scene-0013_frame31_mosaic.jpg,yes,valid_visual_or_structural_error,high,Expected false/no but prediction is affirmative.,yes,valid_visual_or_structural_error,ASSISTED_REVIEW: copied from auto-prefill (confidence=high). Expected false/no but prediction is affirmative.
advtest_only_l2_013,advtest_only_l2,advtest,scene-0013_frame31::car4|bus1|ego,scene-0013_frame31,car4|bus1|ego,distance_chain,11,87,"Which object is bus1 nearer to, car4 or ego?",ego,Bus1 is nearer to car4.,E:\Project\ADVTEST\scratch\rq1_mplug_call1000\runs\mplug-four-methods-call1000\results\mosaics\scene-0013_frame31_mosaic.jpg,yes,valid_visual_or_structural_error,medium,Distance-comparison answer is absent and prediction selects a different candidate.,yes,valid_visual_or_structural_error,ASSISTED_REVIEW: copied from auto-prefill (confidence=medium). Distance-comparison answer is absent and prediction selects a different candidate.
advtest_only_l2_014,advtest_only_l2,advtest,scene-0094_frame7::car11|barrier2|car12,scene-0094_frame7,car11|barrier2|car12,distance_chain,447,52,"Which object is barrier2 nearer to, car11 or car12?",car12,Barrier2 is nearer to car11.,E:\Project\ADVTEST\scratch\rq1_mplug_call1000\runs\mplug-four-methods-call1000\results\mosaics\scene-0094_frame7_mosaic.jpg,yes,valid_visual_or_structural_error,medium,Prediction points to a different object/category or wrong candidate id.,yes,valid_visual_or_structural_error,ASSISTED_REVIEW: copied from auto-prefill (confidence=medium). Prediction points to a different object/category or wrong candidate id.
advtest_only_l2_015,advtest_only_l2,advtest,scene-0094_frame7::car12|car6|ego,scene-0094_frame7,car12|car6|ego,viewpoint_transfer,444,49,"If you face from car12 toward car6, is ego on your left or on your right?",left,"If you face from car12 toward car6, ego is on your right.",E:\Project\ADVTEST\scratch\rq1_mplug_call1000\runs\mplug-four-methods-call1000\results\mosaics\scene-0094_frame7_mosaic.jpg,yes,valid_visual_or_structural_error,high,Expected left; prediction says right.,yes,valid_visual_or_structural_error,ASSISTED_REVIEW: copied from auto-prefill (confidence=high). Expected left; prediction says right.
advtest_only_l2_016,advtest_only_l2,advtest,scene-0094_frame7::car12|car4|car9,scene-0094_frame7,car12|car4|car9,converge,401,1,"What car is positioned to the back of barrier2 and also to the back right of car12, and to the back of car9?",car4,"A white car is positioned to the back of barrier2 and also to the back right of car12, and to the back of car9.",E:\Project\ADVTEST\scratch\rq1_mplug_call1000\runs\mplug-four-methods-call1000\results\mosaics\scene-0094_frame7_mosaic.jpg,yes,valid_visual_or_structural_error,medium,Prediction points to a different object/category or wrong candidate id.,yes,valid_visual_or_structural_error,ASSISTED_REVIEW: copied from auto-prefill (confidence=medium). Prediction points to a different object/category or wrong candidate id.
advtest_only_l2_017,advtest_only_l2,advtest,scene-0035_frame14::car4|car14|car7,scene-0035_frame14,car4|car14|car7,converge,113,193,"Identify the car located to the back of car7 and to the back of car8, and to the back of car4, and to the front right of car10.",car14,"The car is located to the back of car7 and to the back of car8, and to the back of car4, and to the front right of car10.",E:\Project\ADVTEST\scratch\rq1_mplug_call1000\runs\mplug-four-methods-call1000\results\mosaics\scene-0035_frame14_mosaic.jpg,yes,valid_visual_or_structural_error,medium,Prediction points to a different object/category or wrong candidate id.,yes,valid_visual_or_structural_error,ASSISTED_REVIEW: copied from auto-prefill (confidence=medium). Prediction points to a different object/category or wrong candidate id.
advtest_only_l2_018,advtest_only_l2,advtest,scene-0092_frame39::barrier24|barrier5|barrier37,scene-0092_frame39,barrier24|barrier5|barrier37,converge,355,27,"Which barrier can be found to the front of barrier24 and to the front left of pedestrian3, and to the back right of barrier41, and to the front of barrier37, and to the back of barrier18?",barrier5,"The barrier found to the front of barrier24 and to the front left of pedestrian3, and to the back right of barrier41, and to the front of barrier37, and to the back of bar",E:\Project\ADVTEST\scratch\rq1_mplug_call1000\runs\mplug-four-methods-call1000\results\mosaics\scene-0092_frame39_mosaic.jpg,yes,valid_visual_or_structural_error,medium,Prediction points to a different object/category or wrong candidate id.,yes,valid_visual_or_structural_error,ASSISTED_REVIEW: copied from auto-prefill (confidence=medium). Prediction points to a different object/category or wrong candidate id.
advtest_only_l2_019,advtest_only_l2,advtest,scene-0099_frame8::barrier4|barrier10|car18,scene-0099_frame8,barrier4|barrier10|car18,converge,699,101,"There is a barrier to the back of car18 and to the front of car9, and to the back of barrier4, and to the front of barrier8; what is it?",barrier10,It is a construction barrier.,E:\Project\ADVTEST\scratch\rq1_mplug_call1000\runs\mplug-four-methods-call1000\results\mosaics\scene-0099_frame8_mosaic.jpg,no,answer_granularity_mismatch,medium,Prediction gives the object category/description but omits the required instance id.,no,answer_granularity_mismatch,ASSISTED_REVIEW: copied from auto-prefill (confidence=medium). Prediction gives the object category/description but omits the required instance id.
advtest_only_l2_020,advtest_only_l2,advtest,scene-0099_frame35::barrier11|barrier1|car11,scene-0099_frame35,barrier11|barrier1|car11,converge,626,10,"There is a barrier to the front of barrier11 and to the front of car11, and to the back left of pedestrian4, and to the back of barrier27; what is it?",barrier1,It is a construction barrier.,E:\Project\ADVTEST\scratch\rq1_mplug_call1000\runs\mplug-four-methods-call1000\results\mosaics\scene-0099_frame35_mosaic.jpg,no,answer_granularity_mismatch,medium,Prediction gives the object category/description but omits the required instance id.,no,answer_granularity_mismatch,ASSISTED_REVIEW: copied from auto-prefill (confidence=medium). Prediction gives the object category/description but omits the required instance id.
advtest_only_l2_021,advtest_only_l2,advtest,scene-0036_frame17::barrier21|barrier23|pedestrian1,scene-0036_frame17,barrier21|barrier23|pedestrian1,converge,238,159,"Identify the barrier located to the front of pedestrian1 and to the front of pedestrian9, and to the back right of ego, and to the back of barrier21.",barrier23,"The barrier is located to the front of pedestrian1 and to the front of pedestrian9, and to the back right of ego, and to the back of barrier21.",E:\Project\ADVTEST\scratch\rq1_mplug_call1000\runs\mplug-four-methods-call1000\results\mosaics\scene-0036_frame17_mosaic.jpg,yes,valid_visual_or_structural_error,medium,Prediction points to a different object/category or wrong candidate id.,yes,valid_visual_or_structural_error,ASSISTED_REVIEW: copied from auto-prefill (confidence=medium). Prediction points to a different object/category or wrong candidate id.
advtest_only_l2_022,advtest_only_l2,advtest,scene-0092_frame20::car1|truck1|truck3,scene-0092_frame20,car1|truck1|truck3,converge,335,114,"Identify the truck located to the front of car1 and to the front of ego, and to the back of truck3.",truck1,"The truck is located to the front of car1 and to the front of ego, and to the back of truck3.",E:\Project\ADVTEST\scratch\rq1_mplug_call1000\runs\mplug-four-methods-call1000\results\mosaics\scene-0092_frame20_mosaic.jpg,yes,valid_visual_or_structural_error,medium,Prediction points to a different object/category or wrong candidate id.,yes,valid_visual_or_structural_error,ASSISTED_REVIEW: copied from auto-prefill (confidence=medium). Prediction points to a different object/category or wrong candidate id.
advtest_only_l2_023,advtest_only_l2,advtest,scene-0104_frame3::car21|car19|car5,scene-0104_frame3,car21|car19|car5,converge,983,92,"Identify the car located to the back of car21 and to the back of car5, and to the front left of car7, and to the back of car17.",car19,"The car located to the back of car21 and to the back of car5, and to the front left of car7, and to the back of car17 is a white van.",E:\Project\ADVTEST\scratch\rq1_mplug_call1000\runs\mplug-four-methods-call1000\results\mosaics\scene-0104_frame3_mosaic.jpg,yes,valid_visual_or_structural_error,medium,Prediction points to a different object/category or wrong candidate id.,yes,valid_visual_or_structural_error,ASSISTED_REVIEW: copied from auto-prefill (confidence=medium). Prediction points to a different object/category or wrong candidate id.
advtest_only_l2_024,advtest_only_l2,advtest,scene-0035_frame14::car14|car7|car8,scene-0035_frame14,car14|car7|car8,converge,105,173,"Identify the car located to the front of car14 and to the front of car8, and to the front left of ego, and to the front of car9.",car7,"The car is located to the front of car14 and to the front of car8, and to the front left of ego, and to the front of car9.",E:\Project\ADVTEST\scratch\rq1_mplug_call1000\runs\mplug-four-methods-call1000\results\mosaics\scene-0035_frame14_mosaic.jpg,yes,valid_visual_or_structural_error,medium,Prediction points to a different object/category or wrong candidate id.,yes,valid_visual_or_structural_error,ASSISTED_REVIEW: copied from auto-prefill (confidence=medium). Prediction points to a different object/category or wrong candidate id.
advtest_only_l2_025,advtest_only_l2,advtest,scene-0103_frame25::car29|pedestrian3|pedestrian14,scene-0103_frame25,car29|pedestrian3|pedestrian14,converge,893,158,"What pedestrian is positioned to the front of car12 and also to the back of car29, and to the front right of pedestrian13, and to the back left of pedestrian14?",pedestrian3,"The pedestrian is positioned between car12 and car29, and between pedestrian13 and pedestrian14.",E:\Project\ADVTEST\scratch\rq1_mplug_call1000\runs\mplug-four-methods-call1000\results\mosaics\scene-0103_frame25_mosaic.jpg,yes,valid_visual_or_structural_error,medium,Prediction points to a different object/category or wrong candidate id.,yes,valid_visual_or_structural_error,ASSISTED_REVIEW: copied from auto-prefill (confidence=medium). Prediction points to a different object/category or wrong candidate id.
advtest_only_l2_026,advtest_only_l2,advtest,scene-0092_frame39::barrier15|barrier24|barrier39,scene-0092_frame39,barrier15|barrier24|barrier39,converge,389,200,"What barrier is positioned to the back of barrier15 and also to the back of barrier39, and to the back of ego, and to the front of barrier33?",barrier24,"A barrier is positioned to the back of barrier15 and also to the back of barrier39, and to the back of ego, and to the front of barrier33.",E:\Project\ADVTEST\scratch\rq1_mplug_call1000\runs\mplug-four-methods-call1000\results\mosaics\scene-0092_frame39_mosaic.jpg,yes,valid_visual_or_structural_error,medium,Prediction points to a different object/category or wrong candidate id.,yes,valid_visual_or_structural_error,ASSISTED_REVIEW: copied from auto-prefill (confidence=medium). Prediction points to a different object/category or wrong candidate id.
advtest_only_l2_027,advtest_only_l2,advtest,scene-0092_frame20::car8|car5|ego,scene-0092_frame20,car8|car5|ego,converge,316,115,"There is a car to the back of car8 and to the back left of ego, and to the front of car2, and to the back of car9; what is it?",car5,The car in the image is a white truck.,E:\Project\ADVTEST\scratch\rq1_mplug_call1000\runs\mplug-four-methods-call1000\results\mosaics\scene-0092_frame20_mosaic.jpg,no,answer_granularity_mismatch,medium,Prediction gives the object category/description but omits the required instance id.,no,answer_granularity_mismatch,ASSISTED_REVIEW: copied from auto-prefill (confidence=medium). Prediction gives the object category/description but omits the required instance id.
advtest_only_l2_028,advtest_only_l2,advtest,scene-0101_frame25::barrier5|barrier11|car6,scene-0101_frame25,barrier5|barrier11|car6,converge,747,96,"There is a barrier to the back of barrier5 and to the front right of car6, and to the back right of truck2, and to the front of barrier26; what is it?",barrier11,It is a construction barrier.,E:\Project\ADVTEST\scratch\rq1_mplug_call1000\runs\mplug-four-methods-call1000\results\mosaics\scene-0101_frame25_mosaic.jpg,no,answer_granularity_mismatch,medium,Prediction gives the object category/description but omits the required instance id.,no,answer_granularity_mismatch,ASSISTED_REVIEW: copied from auto-prefill (confidence=medium). Prediction gives the object category/description but omits the required instance id.
advtest_only_l2_029,advtest_only_l2,advtest,scene-0035_frame39::bus1|pedestrian4|car3,scene-0035_frame39,bus1|pedestrian4|car3,converge,174,22,"There is a pedestrian to the back of bus1 and to the back of car3, and to the back of pedestrian1; what is it?",pedestrian4,It is a bus.,E:\Project\ADVTEST\scratch\rq1_mplug_call1000\runs\mplug-four-methods-call1000\results\mosaics\scene-0035_frame39_mosaic.jpg,yes,valid_visual_or_structural_error,medium,Prediction points to a different object/category or wrong candidate id.,yes,valid_visual_or_structural_error,ASSISTED_REVIEW: copied from auto-prefill (confidence=medium). Prediction points to a different object/category or wrong candidate id.
advtest_only_l2_030,advtest_only_l2,advtest,scene-0099_frame8::car11|car10|car14,scene-0099_frame8,car11|car10|car14,converge,663,71,"What car is positioned to the front of car11 and also to the front of car14, and to the front of car12, and to the front of ego?",car10,"The car positioned to the front of car11, car14, car12, and ego is a black car.",E:\Project\ADVTEST\scratch\rq1_mplug_call1000\runs\mplug-four-methods-call1000\results\mosaics\scene-0099_frame8_mosaic.jpg,yes,valid_visual_or_structural_error,medium,Prediction points to a different object/category or wrong candidate id.,yes,valid_visual_or_structural_error,ASSISTED_REVIEW: copied from auto-prefill (confidence=medium). Prediction points to a different object/category or wrong candidate id.
advtest_only_l2_031,advtest_only_l2,advtest,scene-0099_frame8::car14|car10|ego,scene-0099_frame8,car14|car10|ego,converge,663,71,"What car is positioned to the front of car11 and also to the front of car14, and to the front of car12, and to the front of ego?",car10,"The car positioned to the front of car11, car14, car12, and ego is a black car.",E:\Project\ADVTEST\scratch\rq1_mplug_call1000\runs\mplug-four-methods-call1000\results\mosaics\scene-0099_frame8_mosaic.jpg,yes,valid_visual_or_structural_error,medium,Prediction points to a different object/category or wrong candidate id.,yes,valid_visual_or_structural_error,ASSISTED_REVIEW: copied from auto-prefill (confidence=medium). Prediction points to a different object/category or wrong candidate id.
advtest_only_l2_032,advtest_only_l2,advtest,scene-0035_frame14::barrier3|car7|car10,scene-0035_frame14,barrier3|car7|car10,converge,110,131,"Identify the car located to the front of barrier3 and to the front right of car10, and to the front of car9, and to the back of car11.",car7,"The car is located to the front of barrier3 and to the front right of car10, and to the front of car9, and to the back of car11.",E:\Project\ADVTEST\scratch\rq1_mplug_call1000\runs\mplug-four-methods-call1000\results\mosaics\scene-0035_frame14_mosaic.jpg,yes,valid_visual_or_structural_error,medium,Prediction points to a different object/category or wrong candidate id.,yes,valid_visual_or_structural_error,ASSISTED_REVIEW: copied from auto-prefill (confidence=medium). Prediction points to a different object/category or wrong candidate id.
advtest_only_l2_033,advtest_only_l2,advtest,scene-0097_frame37::car12|car9|pedestrian6,scene-0097_frame37,car12|car9|pedestrian6,converge,526,11,"What car is to the front left of pedestrian1 and to the back left of pedestrian6, and to the front right of car12?",car9,The car is a BMW.,E:\Project\ADVTEST\scratch\rq1_mplug_call1000\runs\mplug-four-methods-call1000\results\mosaics\scene-0097_frame37_mosaic.jpg,no,answer_granularity_mismatch,medium,Prediction gives the object category/description but omits the required instance id.,no,answer_granularity_mismatch,ASSISTED_REVIEW: copied from auto-prefill (confidence=medium). Prediction gives the object category/description but omits the required instance id.
advtest_only_l2_034,advtest_only_l2,advtest,scene-0101_frame25::barrier33|barrier45|pedestrian4,scene-0101_frame25,barrier33|barrier45|pedestrian4,converge,719,107,"Which barrier can be found to the back left of pedestrian4 and to the front of truck2, and to the front right of barrier41, and to the front of barrier33?",barrier45,"The barrier that can be found to the back left of pedestrian4 and to the front of truck2, and to the front right of barrier41, and to the front of barrier33 is a construction barrier",E:\Project\ADVTEST\scratch\rq1_mplug_call1000\runs\mplug-four-methods-call1000\results\mosaics\scene-0101_frame25_mosaic.jpg,yes,valid_visual_or_structural_error,medium,Prediction points to a different object/category or wrong candidate id.,yes,valid_visual_or_structural_error,ASSISTED_REVIEW: copied from auto-prefill (confidence=medium). Prediction points to a different object/category or wrong candidate id.
advtest_only_l2_035,advtest_only_l2,advtest,scene-0103_frame25::car14|car34|pedestrian13,scene-0103_frame25,car14|car34|pedestrian13,converge,884,25,"Identify the car located to the front of car14 and to the front of pedestrian13, and to the back of car27, and to the front left of car19.",car34,"The car is located to the front of car14 and to the front of pedestrian13, and to the back of car27, and to the front left of car19.",E:\Project\ADVTEST\scratch\rq1_mplug_call1000\runs\mplug-four-methods-call1000\results\mosaics\scene-0103_frame25_mosaic.jpg,yes,valid_visual_or_structural_error,medium,Prediction points to a different object/category or wrong candidate id.,yes,valid_visual_or_structural_error,ASSISTED_REVIEW: copied from auto-prefill (confidence=medium). Prediction points to a different object/category or wrong candidate id.
advtest_only_l2_036,advtest_only_l2,advtest,scene-0101_frame25::barrier33|barrier10|barrier38,scene-0101_frame25,barrier33|barrier10|barrier38,converge,738,174,"Identify the barrier located to the back left of barrier38 and to the front of truck2, and to the front of barrier33, and to the back right of barrier28.",barrier10,"The barrier is located to the back left of barrier38 and to the front of truck2, and to the front of barrier33, and to the back right of barrier28.",E:\Project\ADVTEST\scratch\rq1_mplug_call1000\runs\mplug-four-methods-call1000\results\mosaics\scene-0101_frame25_mosaic.jpg,yes,valid_visual_or_structural_error,medium,Prediction points to a different object/category or wrong candidate id.,yes,valid_visual_or_structural_error,ASSISTED_REVIEW: copied from auto-prefill (confidence=medium). Prediction points to a different object/category or wrong candidate id.
advtest_only_l2_037,advtest_only_l2,advtest,scene-0035_frame39::pedestrian1|pedestrian5|pedestrian6,scene-0035_frame39,pedestrian1|pedestrian5|pedestrian6,converge,183,16,"What pedestrian is positioned to the front of pedestrian1 and also to the front right of pedestrian3, and to the back of pedestrian6?",pedestrian5,"The pedestrian positioned to the front of pedestrian1 and also to the front right of pedestrian3, and to the back of pedestrian6 is pedestrian2.",E:\Project\ADVTEST\scratch\rq1_mplug_call1000\runs\mplug-four-methods-call1000\results\mosaics\scene-0035_frame39_mosaic.jpg,yes,valid_visual_or_structural_error,medium,Prediction points to a different object/category or wrong candidate id.,yes,valid_visual_or_structural_error,ASSISTED_REVIEW: copied from auto-prefill (confidence=medium). Prediction points to a different object/category or wrong candidate id.
advtest_only_l2_038,advtest_only_l2,advtest,scene-0104_frame20::car6|pedestrian5|pedestrian25,scene-0104_frame20,car6|pedestrian5|pedestrian25,converge,938,108,"What pedestrian is positioned to the back of bicycle1 and also to the front of car6, and to the front of pedestrian25?",pedestrian5,"The pedestrian is positioned to the back of bicycle1 and also to the front of car6, and to the front of pedestrian25.",E:\Project\ADVTEST\scratch\rq1_mplug_call1000\runs\mplug-four-methods-call1000\results\mosaics\scene-0104_frame20_mosaic.jpg,yes,valid_visual_or_structural_error,medium,Prediction points to a different object/category or wrong candidate id.,yes,valid_visual_or_structural_error,ASSISTED_REVIEW: copied from auto-prefill (confidence=medium). Prediction points to a different object/category or wrong candidate id.
advtest_only_l2_039,advtest_only_l2,advtest,scene-0104_frame3::car20|car9|car7,scene-0104_frame3,car20|car9|car7,converge,988,119,"What car is to the back right of car17 and to the back of car20, and to the back of car7, and to the back right of car14?",car9,"The car to the back right of car17 and to the back of car20, and to the back of car7, and to the back right of car14 is a white van.",E:\Project\ADVTEST\scratch\rq1_mplug_call1000\runs\mplug-four-methods-call1000\results\mosaics\scene-0104_frame3_mosaic.jpg,yes,valid_visual_or_structural_error,medium,Prediction points to a different object/category or wrong candidate id.,yes,valid_visual_or_structural_error,ASSISTED_REVIEW: copied from auto-prefill (confidence=medium). Prediction points to a different object/category or wrong candidate id.
advtest_only_l2_040,advtest_only_l2,advtest,scene-0092_frame39::barrier11|barrier43|ego,scene-0092_frame39,barrier11|barrier43|ego,converge,385,135,"There is a barrier to the back of barrier38 and to the back left of ego, and to the front of truck1, and to the back of barrier11; what is it?",barrier43,The barrier is a metal fence.,E:\Project\ADVTEST\scratch\rq1_mplug_call1000\runs\mplug-four-methods-call1000\results\mosaics\scene-0092_frame39_mosaic.jpg,no,answer_granularity_mismatch,medium,Prediction gives the object category/description but omits the required instance id.,no,answer_granularity_mismatch,ASSISTED_REVIEW: copied from auto-prefill (confidence=medium). Prediction gives the object category/description but omits the required instance id.
advtest_only_l2_041,advtest_only_l2,advtest,scene-0099_frame35::barrier13|barrier2|car14,scene-0099_frame35,barrier13|barrier2|car14,converge,613,131,"Which barrier can be found to the front right of car14 and to the back of pedestrian7, and to the back of barrier21, and to the front of barrier13, and to the back of ego?",barrier2,"The barrier can be found to the front right of car14 and to the back of pedestrian7, and to the back of barrier21, and to the front of barrier13, and to the back of e",E:\Project\ADVTEST\scratch\rq1_mplug_call1000\runs\mplug-four-methods-call1000\results\mosaics\scene-0099_frame35_mosaic.jpg,no,lexical_scoring_artifact,medium,Prediction appears to contain the expected instance id.,no,lexical_scoring_artifact,ASSISTED_REVIEW: copied from auto-prefill (confidence=medium). Prediction appears to contain the expected instance id.
advtest_only_l2_042,advtest_only_l2,advtest,scene-0036_frame17::barrier15|barrier12|barrier24,scene-0036_frame17,barrier15|barrier12|barrier24,converge,228,75,"What barrier is to the front of barrier15 and to the front of pedestrian11, and to the front of truck1, and to the back of barrier24?",barrier12,"The barrier in front of barrier15, pedestrian11, truck1, and barrier24 is a construction barrier.",E:\Project\ADVTEST\scratch\rq1_mplug_call1000\runs\mplug-four-methods-call1000\results\mosaics\scene-0036_frame17_mosaic.jpg,yes,valid_visual_or_structural_error,medium,Prediction points to a different object/category or wrong candidate id.,yes,valid_visual_or_structural_error,ASSISTED_REVIEW: copied from auto-prefill (confidence=medium). Prediction points to a different object/category or wrong candidate id.
advtest_only_l2_043,advtest_only_l2,advtest,scene-0036_frame19::pedestrian4|pedestrian1|truck1,scene-0036_frame19,pedestrian4|pedestrian1|truck1,converge,281,30,"Which pedestrian can be found to the front left of barrier16 and to the front left of truck1, and to the back left of pedestrian4?",pedestrian1,"The pedestrian can be found to the front left of barrier16 and to the front left of truck1, and to the back left of pedestrian4.",E:\Project\ADVTEST\scratch\rq1_mplug_call1000\runs\mplug-four-methods-call1000\results\mosaics\scene-0036_frame19_mosaic.jpg,yes,valid_visual_or_structural_error,medium,Prediction points to a different object/category or wrong candidate id.,yes,valid_visual_or_structural_error,ASSISTED_REVIEW: copied from auto-prefill (confidence=medium). Prediction points to a different object/category or wrong candidate id.
advtest_only_l2_044,advtest_only_l2,advtest,scene-0092_frame39::barrier37|barrier41|pedestrian5,scene-0092_frame39,barrier37|barrier41|pedestrian5,converge,398,194,"There is a barrier to the front left of pedestrian5 and to the front of truck1, and to the front left of barrier37, and to the front of barrier15; what is it?",barrier41,The barrier in the image is a metal fence.,E:\Project\ADVTEST\scratch\rq1_mplug_call1000\runs\mplug-four-methods-call1000\results\mosaics\scene-0092_frame39_mosaic.jpg,no,answer_granularity_mismatch,medium,Prediction gives the object category/description but omits the required instance id.,no,answer_granularity_mismatch,ASSISTED_REVIEW: copied from auto-prefill (confidence=medium). Prediction gives the object category/description but omits the required instance id.
advtest_only_l2_045,advtest_only_l2,advtest,scene-0036_frame17::barrier16|barrier15|pedestrian2,scene-0036_frame17,barrier16|barrier15|pedestrian2,converge,214,66,"What barrier is to the back of barrier12 and to the front of pedestrian2, and to the back right of barrier27, and to the front right of barrier16?",barrier15,The barrier is a white and orange barrier.,E:\Project\ADVTEST\scratch\rq1_mplug_call1000\runs\mplug-four-methods-call1000\results\mosaics\scene-0036_frame17_mosaic.jpg,no,answer_granularity_mismatch,medium,Prediction gives the object category/description but omits the required instance id.,no,answer_granularity_mismatch,ASSISTED_REVIEW: copied from auto-prefill (confidence=medium). Prediction gives the object category/description but omits the required instance id.
advtest_only_l2_046,advtest_only_l2,advtest,scene-0102_frame39::car1|pedestrian13|pedestrian4,scene-0102_frame39,car1|pedestrian13|pedestrian4,converge,825,28,"What pedestrian is to the front of car1 and to the front of pedestrian4, and to the front left of pedestrian12?",pedestrian13,"The pedestrian is to the front of car1 and to the front of pedestrian4, and to the front left of pedestrian12.",E:\Project\ADVTEST\scratch\rq1_mplug_call1000\runs\mplug-four-methods-call1000\results\mosaics\scene-0102_frame39_mosaic.jpg,yes,valid_visual_or_structural_error,medium,Prediction points to a different object/category or wrong candidate id.,yes,valid_visual_or_structural_error,ASSISTED_REVIEW: copied from auto-prefill (confidence=medium). Prediction points to a different object/category or wrong candidate id.
advtest_only_l2_047,advtest_only_l2,advtest,scene-0092_frame20::car2|car9|pedestrian2,scene-0092_frame20,car2|car9|pedestrian2,converge,333,87,"There is a car to the front of car2 and to the back of pedestrian2, and to the back of car10, and to the front of car5; what is it?",car9,The car is a white truck.,E:\Project\ADVTEST\scratch\rq1_mplug_call1000\runs\mplug-four-methods-call1000\results\mosaics\scene-0092_frame20_mosaic.jpg,no,answer_granularity_mismatch,medium,Prediction gives the object category/description but omits the required instance id.,no,answer_granularity_mismatch,ASSISTED_REVIEW: copied from auto-prefill (confidence=medium). Prediction gives the object category/description but omits the required instance id.
advtest_only_l2_048,advtest_only_l2,advtest,scene-0018_frame39::pedestrian5|truck1|pedestrian6,scene-0018_frame39,pedestrian5|truck1|pedestrian6,converge,69,108,"There is a truck to the back right of pedestrian5 and to the back of pedestrian6, and to the front right of truck2; what is it?",truck1,The truck is a delivery truck.,E:\Project\ADVTEST\scratch\rq1_mplug_call1000\runs\mplug-four-methods-call1000\results\mosaics\scene-0018_frame39_mosaic.jpg,no,answer_granularity_mismatch,medium,Prediction gives the object category/description but omits the required instance id.,no,answer_granularity_mismatch,ASSISTED_REVIEW: copied from auto-prefill (confidence=medium). Prediction gives the object category/description but omits the required instance id.
advtest_only_l2_049,advtest_only_l2,advtest,scene-0099_frame35::ego|barrier21|pedestrian7,scene-0099_frame35,ego|barrier21|pedestrian7,converge,602,60,"There is a barrier to the back of barrier19 and to the back of pedestrian7, and to the back right of ego, and to the back of barrier7, and to the front of barrier11; what is it?",barrier21,It is a barrier.,E:\Project\ADVTEST\scratch\rq1_mplug_call1000\runs\mplug-four-methods-call1000\results\mosaics\scene-0099_frame35_mosaic.jpg,no,answer_granularity_mismatch,medium,Prediction gives the object category/description but omits the required instance id.,no,answer_granularity_mismatch,ASSISTED_REVIEW: copied from auto-prefill (confidence=medium). Prediction gives the object category/description but omits the required instance id.
advtest_only_l2_050,advtest_only_l2,advtest,scene-0102_frame39::pedestrian2|pedestrian10|pedestrian4,scene-0102_frame39,pedestrian2|pedestrian10|pedestrian4,converge,823,14,"There is a pedestrian to the front left of car1 and to the front of pedestrian2, and to the front of pedestrian4; what is it?",pedestrian10,It is a traffic light.,E:\Project\ADVTEST\scratch\rq1_mplug_call1000\runs\mplug-four-methods-call1000\results\mosaics\scene-0102_frame39_mosaic.jpg,uncertain,other,low,Heuristic cannot confidently classify this failure; manual review required.,uncertain,other,ASSISTED_REVIEW: retained as uncertain because auto-prefill confidence is low. Heuristic cannot confidently classify this failure; manual review required.
advtest_only_l2_051,advtest_only_l2,advtest,scene-0094_frame7::car9|barrier2|ego,scene-0094_frame7,car9|barrier2|ego,converge,426,23,Which barrier can be found to the front of car9 and to the front of ego?,barrier2,A traffic light can be found to the front of car9 and to the front of ego.,E:\Project\ADVTEST\scratch\rq1_mplug_call1000\runs\mplug-four-methods-call1000\results\mosaics\scene-0094_frame7_mosaic.jpg,yes,valid_visual_or_structural_error,medium,Prediction points to a different object/category or wrong candidate id.,yes,valid_visual_or_structural_error,ASSISTED_REVIEW: copied from auto-prefill (confidence=medium). Prediction points to a different object/category or wrong candidate id.
advtest_only_l2_052,advtest_only_l2,advtest,scene-0099_frame35::car15|barrier12|pedestrian6,scene-0099_frame35,car15|barrier12|pedestrian6,converge,601,6,"What barrier is to the back of car15 and to the front right of pedestrian6, and to the back left of pedestrian2, and to the front of barrier3, and to the back of barrier18?",barrier12,The barrier is a construction barrier.,E:\Project\ADVTEST\scratch\rq1_mplug_call1000\runs\mplug-four-methods-call1000\results\mosaics\scene-0099_frame35_mosaic.jpg,no,answer_granularity_mismatch,medium,Prediction gives the object category/description but omits the required instance id.,no,answer_granularity_mismatch,ASSISTED_REVIEW: copied from auto-prefill (confidence=medium). Prediction gives the object category/description but omits the required instance id.
advtest_only_l2_053,advtest_only_l2,advtest,scene-0102_frame31::pedestrian24|pedestrian32|pedestrian34,scene-0102_frame31,pedestrian24|pedestrian32|pedestrian34,converge,756,6,"Identify the pedestrian located to the front of pedestrian24 and to the back of pedestrian3, and to the front of pedestrian34, and to the back of ego.",pedestrian32,"The pedestrian is located to the front of pedestrian24 and to the back of pedestrian3, and to the front of pedestrian34, and to the back of ego.",E:\Project\ADVTEST\scratch\rq1_mplug_call1000\runs\mplug-four-methods-call1000\results\mosaics\scene-0102_frame31_mosaic.jpg,yes,valid_visual_or_structural_error,medium,Prediction points to a different object/category or wrong candidate id.,yes,valid_visual_or_structural_error,ASSISTED_REVIEW: copied from auto-prefill (confidence=medium). Prediction points to a different object/category or wrong candidate id.
advtest_only_l2_054,advtest_only_l2,advtest,scene-0035_frame14::barrier1|car5|car10,scene-0035_frame14,barrier1|car5|car10,converge,106,124,"Identify the car located to the front of barrier1 and to the back of car11, and to the back of car4, and to the back right of car10.",car5,"The car is located to the front of barrier 1 and to the back of car 11, and to the back of car 4, and to the back right of car 10.",E:\Project\ADVTEST\scratch\rq1_mplug_call1000\runs\mplug-four-methods-call1000\results\mosaics\scene-0035_frame14_mosaic.jpg,yes,valid_visual_or_structural_error,medium,Prediction points to a different object/category or wrong candidate id.,yes,valid_visual_or_structural_error,ASSISTED_REVIEW: copied from auto-prefill (confidence=medium). Prediction points to a different object/category or wrong candidate id.
advtest_only_l2_055,advtest_only_l2,advtest,scene-0099_frame35::barrier27|barrier1|pedestrian4,scene-0099_frame35,barrier27|barrier1|pedestrian4,converge,626,10,"There is a barrier to the front of barrier11 and to the front of car11, and to the back left of pedestrian4, and to the back of barrier27; what is it?",barrier1,It is a construction barrier.,E:\Project\ADVTEST\scratch\rq1_mplug_call1000\runs\mplug-four-methods-call1000\results\mosaics\scene-0099_frame35_mosaic.jpg,no,answer_granularity_mismatch,medium,Prediction gives the object category/description but omits the required instance id.,no,answer_granularity_mismatch,ASSISTED_REVIEW: copied from auto-prefill (confidence=medium). Prediction gives the object category/description but omits the required instance id.
advtest_only_l2_056,advtest_only_l2,advtest,scene-0097_frame37::car13|car2|car4,scene-0097_frame37,car13|car2|car4,converge,504,16,"Which car can be found to the front of car4 and to the front of truck2, and to the back right of car13, and to the back left of car8?",car2,"The car that can be found to the front of car4 and to the front of truck2, and to the back right of car13, and to the back left of car8 is a black car.",E:\Project\ADVTEST\scratch\rq1_mplug_call1000\runs\mplug-four-methods-call1000\results\mosaics\scene-0097_frame37_mosaic.jpg,yes,valid_visual_or_structural_error,medium,Prediction points to a different object/category or wrong candidate id.,yes,valid_visual_or_structural_error,ASSISTED_REVIEW: copied from auto-prefill (confidence=medium). Prediction points to a different object/category or wrong candidate id.
advtest_only_l2_057,advtest_only_l2,advtest,scene-0035_frame39::bus1|car1|pedestrian3,scene-0035_frame39,bus1|car1|pedestrian3,converge,179,150,"What car is to the back of bicycle1 and to the back of bus1, and to the back right of pedestrian3?",car1,The car is to the back of bicycle1 and to the back right of pedestrian3.,E:\Project\ADVTEST\scratch\rq1_mplug_call1000\runs\mplug-four-methods-call1000\results\mosaics\scene-0035_frame39_mosaic.jpg,yes,valid_visual_or_structural_error,medium,Prediction points to a different object/category or wrong candidate id.,yes,valid_visual_or_structural_error,ASSISTED_REVIEW: copied from auto-prefill (confidence=medium). Prediction points to a different object/category or wrong candidate id.
advtest_only_l2_058,advtest_only_l2,advtest,scene-0104_frame3::car3|car2|pedestrian2,scene-0104_frame3,car3|car2|pedestrian2,converge,984,161,"What car is positioned to the front of car19 and also to the front of car21, and to the back of car3, and to the front right of pedestrian2?",car2,"The car positioned to the front of car19 and also to the front of car21, and to the back of car3, and to the front right of pedestrian2 is a white van.",E:\Project\ADVTEST\scratch\rq1_mplug_call1000\runs\mplug-four-methods-call1000\results\mosaics\scene-0104_frame3_mosaic.jpg,no,lexical_scoring_artifact,medium,Prediction appears to contain the expected instance id.,no,lexical_scoring_artifact,ASSISTED_REVIEW: copied from auto-prefill (confidence=medium). Prediction appears to contain the expected instance id.
advtest_only_l2_059,advtest_only_l2,advtest,scene-0099_frame8::barrier8|barrier6|car14,scene-0099_frame8,barrier8|barrier6|car14,converge,691,40,"Which barrier can be found to the front right of car11 and to the back right of car14, and to the front left of pedestrian1, and to the front right of barrier8?",barrier6,"The barrier can be found to the front right of car11 and to the back right of car14, and to the front left of pedestrian1, and to the front right of barrier8.",E:\Project\ADVTEST\scratch\rq1_mplug_call1000\runs\mplug-four-methods-call1000\results\mosaics\scene-0099_frame8_mosaic.jpg,yes,valid_visual_or_structural_error,medium,Prediction points to a different object/category or wrong candidate id.,yes,valid_visual_or_structural_error,ASSISTED_REVIEW: copied from auto-prefill (confidence=medium). Prediction points to a different object/category or wrong candidate id.
advtest_only_l2_060,advtest_only_l2,advtest,scene-0036_frame17::barrier15|barrier27|pedestrian2,scene-0036_frame17,barrier15|barrier27|pedestrian2,converge,230,171,"Which barrier can be found to the back left of barrier20 and to the front of pedestrian2, and to the front of barrier3, and to the front left of barrier15?",barrier27,"The barrier that can be found to the back left of barrier20 and to the front of pedestrian2, and to the front of barrier3, and to the front left of barrier15 is a traffic barrier",E:\Project\ADVTEST\scratch\rq1_mplug_call1000\runs\mplug-four-methods-call1000\results\mosaics\scene-0036_frame17_mosaic.jpg,yes,valid_visual_or_structural_error,medium,Prediction points to a different object/category or wrong candidate id.,yes,valid_visual_or_structural_error,ASSISTED_REVIEW: copied from auto-prefill (confidence=medium). Prediction points to a different object/category or wrong candidate id.
advtest_only_l2_061,advtest_only_l2,advtest,scene-0103_frame25::pedestrian12|pedestrian13|pedestrian9,scene-0103_frame25,pedestrian12|pedestrian13|pedestrian9,converge,887,67,"There is a pedestrian to the back of car14 and to the back of pedestrian12, and to the back of car26, and to the back right of pedestrian9; what is it?",pedestrian13,It is a car.,E:\Project\ADVTEST\scratch\rq1_mplug_call1000\runs\mplug-four-methods-call1000\results\mosaics\scene-0103_frame25_mosaic.jpg,yes,valid_visual_or_structural_error,medium,Prediction points to a different object/category or wrong candidate id.,yes,valid_visual_or_structural_error,ASSISTED_REVIEW: copied from auto-prefill (confidence=medium). Prediction points to a different object/category or wrong candidate id.
advtest_only_l2_062,advtest_only_l2,advtest,scene-0035_frame39::bicycle1|pedestrian2|car1,scene-0035_frame39,bicycle1|pedestrian2|car1,converge,154,107,"What pedestrian is to the back of bicycle1 and to the front of car1, and to the front of pedestrian1, and to the back of ego?",pedestrian2,"The pedestrian is to the back of bicycle1 and to the front of car1, and to the front of pedestrian1, and to the back of ego.",E:\Project\ADVTEST\scratch\rq1_mplug_call1000\runs\mplug-four-methods-call1000\results\mosaics\scene-0035_frame39_mosaic.jpg,yes,valid_visual_or_structural_error,medium,Prediction points to a different object/category or wrong candidate id.,yes,valid_visual_or_structural_error,ASSISTED_REVIEW: copied from auto-prefill (confidence=medium). Prediction points to a different object/category or wrong candidate id.
advtest_only_l2_063,advtest_only_l2,advtest,scene-0035_frame39::bicycle1|pedestrian1|pedestrian4,scene-0035_frame39,bicycle1|pedestrian1|pedestrian4,converge,151,3,"Identify the pedestrian located to the back of bicycle1 and to the back of ego, and to the front of pedestrian4, and to the back of pedestrian2.",pedestrian1,"The pedestrian is located to the back of bicycle1 and to the back of ego, and to the front of pedestrian4, and to the back of pedestrian2.",E:\Project\ADVTEST\scratch\rq1_mplug_call1000\runs\mplug-four-methods-call1000\results\mosaics\scene-0035_frame39_mosaic.jpg,yes,valid_visual_or_structural_error,medium,Prediction points to a different object/category or wrong candidate id.,yes,valid_visual_or_structural_error,ASSISTED_REVIEW: copied from auto-prefill (confidence=medium). Prediction points to a different object/category or wrong candidate id.
advtest_only_l2_064,advtest_only_l2,advtest,scene-0097_frame12::barrier15|barrier22|car2,scene-0097_frame12,barrier15|barrier22|car2,converge,458,13,"Identify the barrier located to the front of barrier11 and to the front of barrier15, and to the front right of car2, and to the back of barrier21, and to the front right of pedestrian2.",barrier22,The barrier located to the front of barrier11 and to the front of barrier15 is a white barrier.,E:\Project\ADVTEST\scratch\rq1_mplug_call1000\runs\mplug-four-methods-call1000\results\mosaics\scene-0097_frame12_mosaic.jpg,yes,valid_visual_or_structural_error,medium,Prediction points to a different object/category or wrong candidate id.,yes,valid_visual_or_structural_error,ASSISTED_REVIEW: copied from auto-prefill (confidence=medium). Prediction points to a different object/category or wrong candidate id.
advtest_only_l2_065,advtest_only_l2,advtest,scene-0099_frame8::car22|car11|car6,scene-0099_frame8,car22|car11|car6,converge,674,70,"Identify the car located to the back of car22 and to the back of car6, and to the back of car1, and to the back left of barrier4.",car11,"The car located to the back of car22 and to the back of car6, and to the back of car1, and to the back left of barrier4 is a black car.",E:\Project\ADVTEST\scratch\rq1_mplug_call1000\runs\mplug-four-methods-call1000\results\mosaics\scene-0099_frame8_mosaic.jpg,yes,valid_visual_or_structural_error,medium,Prediction points to a different object/category or wrong candidate id.,yes,valid_visual_or_structural_error,ASSISTED_REVIEW: copied from auto-prefill (confidence=medium). Prediction points to a different object/category or wrong candidate id.
advtest_only_l2_066,advtest_only_l2,advtest,scene-0104_frame3::car18|car21|car2,scene-0104_frame3,car18|car21|car2,converge,981,199,"What car is positioned to the front of car18 and also to the back of car2, and to the front left of car4, and to the front right of car14?",car21,"The car positioned to the front of car18 and also to the back of car2, and to the front left of car4, and to the front right of car14 is a white van.",E:\Project\ADVTEST\scratch\rq1_mplug_call1000\runs\mplug-four-methods-call1000\results\mosaics\scene-0104_frame3_mosaic.jpg,yes,valid_visual_or_structural_error,medium,Prediction points to a different object/category or wrong candidate id.,yes,valid_visual_or_structural_error,ASSISTED_REVIEW: copied from auto-prefill (confidence=medium). Prediction points to a different object/category or wrong candidate id.
advtest_only_l2_067,advtest_only_l2,advtest,scene-0035_frame39::bicycle1|car3|car2,scene-0035_frame39,bicycle1|car3|car2,converge,178,147,"Identify the car located to the back left of bicycle1 and to the front of car2, and to the front of ego.",car3,"The car is located to the back left of bicycle1 and to the front of car2, and to the front of ego.",E:\Project\ADVTEST\scratch\rq1_mplug_call1000\runs\mplug-four-methods-call1000\results\mosaics\scene-0035_frame39_mosaic.jpg,yes,valid_visual_or_structural_error,medium,Prediction points to a different object/category or wrong candidate id.,yes,valid_visual_or_structural_error,ASSISTED_REVIEW: copied from auto-prefill (confidence=medium). Prediction points to a different object/category or wrong candidate id.
advtest_only_l2_068,advtest_only_l2,advtest,scene-0036_frame17::pedestrian11|pedestrian12|pedestrian8,scene-0036_frame17,pedestrian11|pedestrian12|pedestrian8,converge,204,24,"What pedestrian is to the front left of barrier8 and to the front of pedestrian11, and to the back of pedestrian8, and to the back right of pedestrian6?",pedestrian12,The pedestrian is to the front left of barrier 8 and to the front of pedestrian 11.,E:\Project\ADVTEST\scratch\rq1_mplug_call1000\runs\mplug-four-methods-call1000\results\mosaics\scene-0036_frame17_mosaic.jpg,yes,valid_visual_or_structural_error,medium,Prediction points to a different object/category or wrong candidate id.,yes,valid_visual_or_structural_error,ASSISTED_REVIEW: copied from auto-prefill (confidence=medium). Prediction points to a different object/category or wrong candidate id.
advtest_only_l2_069,advtest_only_l2,advtest,scene-0098_frame15::bus1|car10|car16,scene-0098_frame15,bus1|car10|car16,converge,576,148,"There is a car to the back of bus1 and to the front of car16, and to the front of car5; what is it?",car10,The car in the middle of the image is a black car.,E:\Project\ADVTEST\scratch\rq1_mplug_call1000\runs\mplug-four-methods-call1000\results\mosaics\scene-0098_frame15_mosaic.jpg,no,answer_granularity_mismatch,medium,Prediction gives the object category/description but omits the required instance id.,no,answer_granularity_mismatch,ASSISTED_REVIEW: copied from auto-prefill (confidence=medium). Prediction gives the object category/description but omits the required instance id.
advtest_only_l2_070,advtest_only_l2,advtest,scene-0101_frame25::barrier1|barrier2|barrier11,scene-0101_frame25,barrier1|barrier2|barrier11,converge,707,152,"There is a barrier to the front of barrier1 and to the front of barrier11, and to the front of barrier38, and to the back of barrier43, and to the front of ego; what is it?",barrier2,It is a construction barrier.,E:\Project\ADVTEST\scratch\rq1_mplug_call1000\runs\mplug-four-methods-call1000\results\mosaics\scene-0101_frame25_mosaic.jpg,no,answer_granularity_mismatch,medium,Prediction gives the object category/description but omits the required instance id.,no,answer_granularity_mismatch,ASSISTED_REVIEW: copied from auto-prefill (confidence=medium). Prediction gives the object category/description but omits the required instance id.
advtest_only_l2_071,advtest_only_l2,advtest,scene-0092_frame39::barrier15|barrier24|barrier33,scene-0092_frame39,barrier15|barrier24|barrier33,converge,389,200,"What barrier is positioned to the back of barrier15 and also to the back of barrier39, and to the back of ego, and to the front of barrier33?",barrier24,"A barrier is positioned to the back of barrier15 and also to the back of barrier39, and to the back of ego, and to the front of barrier33.",E:\Project\ADVTEST\scratch\rq1_mplug_call1000\runs\mplug-four-methods-call1000\results\mosaics\scene-0092_frame39_mosaic.jpg,yes,valid_visual_or_structural_error,medium,Prediction points to a different object/category or wrong candidate id.,yes,valid_visual_or_structural_error,ASSISTED_REVIEW: copied from auto-prefill (confidence=medium). Prediction points to a different object/category or wrong candidate id.
advtest_only_l2_072,advtest_only_l2,advtest,scene-0101_frame25::barrier10|barrier13|barrier39,scene-0101_frame25,barrier10|barrier13|barrier39,converge,706,76,"There is a barrier to the front of barrier19 and to the front of barrier39, and to the back right of barrier28, and to the front of barrier40, and to the back of barrier10; what is it?",barrier13,It is a construction barrier.,E:\Project\ADVTEST\scratch\rq1_mplug_call1000\runs\mplug-four-methods-call1000\results\mosaics\scene-0101_frame25_mosaic.jpg,no,answer_granularity_mismatch,medium,Prediction gives the object category/description but omits the required instance id.,no,answer_granularity_mismatch,ASSISTED_REVIEW: copied from auto-prefill (confidence=medium). Prediction gives the object category/description but omits the required instance id.
advtest_only_l2_073,advtest_only_l2,advtest,scene-0101_frame25::barrier20|barrier16|car17,scene-0101_frame25,barrier20|barrier16|car17,converge,743,28,"Identify the barrier located to the back of barrier18 and to the front right of car17, and to the back of barrier1, and to the front of barrier20.",barrier16,The barrier located to the back of barrier18 and to the front right of car17 is barrier19.,E:\Project\ADVTEST\scratch\rq1_mplug_call1000\runs\mplug-four-methods-call1000\results\mosaics\scene-0101_frame25_mosaic.jpg,yes,valid_visual_or_structural_error,medium,Prediction points to a different object/category or wrong candidate id.,yes,valid_visual_or_structural_error,ASSISTED_REVIEW: copied from auto-prefill (confidence=medium). Prediction points to a different object/category or wrong candidate id.
advtest_only_l2_074,advtest_only_l2,advtest,scene-0092_frame39::barrier41|barrier3|pedestrian3,scene-0092_frame39,barrier41|barrier3|pedestrian3,converge,395,171,"What barrier is to the back left of ego and to the front left of pedestrian3, and to the back right of barrier15, and to the back of barrier41?",barrier3,"The barrier is to the back left of ego and to the front left of pedestrian3, and to the back right of barrier15, and to the back of barrier41.",E:\Project\ADVTEST\scratch\rq1_mplug_call1000\runs\mplug-four-methods-call1000\results\mosaics\scene-0092_frame39_mosaic.jpg,yes,valid_visual_or_structural_error,medium,Prediction points to a different object/category or wrong candidate id.,yes,valid_visual_or_structural_error,ASSISTED_REVIEW: copied from auto-prefill (confidence=medium). Prediction points to a different object/category or wrong candidate id.
advtest_only_l2_075,advtest_only_l2,advtest,scene-0102_frame39::ego|car2|pedestrian7,scene-0102_frame39,ego|car2|pedestrian7,converge,832,2,What car is positioned to the front of ego and also to the front of pedestrian7?,car2,"The car is positioned in the middle of the image, between the two pictures of the city.",E:\Project\ADVTEST\scratch\rq1_mplug_call1000\runs\mplug-four-methods-call1000\results\mosaics\scene-0102_frame39_mosaic.jpg,no,answer_granularity_mismatch,medium,Prediction gives the object category/description but omits the required instance id.,no,answer_granularity_mismatch,ASSISTED_REVIEW: copied from auto-prefill (confidence=medium). Prediction gives the object category/description but omits the required instance id.
advtest_only_l2_076,advtest_only_l2,advtest,scene-0102_frame31::car1|pedestrian4|pedestrian26,scene-0102_frame31,car1|pedestrian4|pedestrian26,converge,793,83,"There is a pedestrian to the front of car1 and to the front of pedestrian26, and to the front left of ego; what is it?",pedestrian4,It is a traffic light.,E:\Project\ADVTEST\scratch\rq1_mplug_call1000\runs\mplug-four-methods-call1000\results\mosaics\scene-0102_frame31_mosaic.jpg,uncertain,other,low,Heuristic cannot confidently classify this failure; manual review required.,uncertain,other,ASSISTED_REVIEW: retained as uncertain because auto-prefill confidence is low. Heuristic cannot confidently classify this failure; manual review required.
advtest_only_l2_077,advtest_only_l2,advtest,scene-0099_frame35::ego|barrier2|pedestrian7,scene-0099_frame35,ego|barrier2|pedestrian7,converge,613,131,"Which barrier can be found to the front right of car14 and to the back of pedestrian7, and to the back of barrier21, and to the front of barrier13, and to the back of ego?",barrier2,"The barrier can be found to the front right of car14 and to the back of pedestrian7, and to the back of barrier21, and to the front of barrier13, and to the back of e",E:\Project\ADVTEST\scratch\rq1_mplug_call1000\runs\mplug-four-methods-call1000\results\mosaics\scene-0099_frame35_mosaic.jpg,no,lexical_scoring_artifact,medium,Prediction appears to contain the expected instance id.,no,lexical_scoring_artifact,ASSISTED_REVIEW: copied from auto-prefill (confidence=medium). Prediction appears to contain the expected instance id.
advtest_only_l2_078,advtest_only_l2,advtest,scene-0018_frame39::barrier8|barrier2|pedestrian4,scene-0018_frame39,barrier8|barrier2|pedestrian4,converge,65,20,"What barrier is to the back of pedestrian10 and to the back of pedestrian4, and to the back of barrier8?",barrier2,"The barrier is to the back of pedestrian10 and to the back of pedestrian4, as well as to the back of barrier8.",E:\Project\ADVTEST\scratch\rq1_mplug_call1000\runs\mplug-four-methods-call1000\results\mosaics\scene-0018_frame39_mosaic.jpg,yes,valid_visual_or_structural_error,medium,Prediction points to a different object/category or wrong candidate id.,yes,valid_visual_or_structural_error,ASSISTED_REVIEW: copied from auto-prefill (confidence=medium). Prediction points to a different object/category or wrong candidate id.
advtest_only_l2_079,advtest_only_l2,advtest,scene-0036_frame19::barrier10|barrier13|pedestrian3,scene-0036_frame19,barrier10|barrier13|pedestrian3,converge,272,98,"There is a barrier to the front of barrier6 and to the back right of pedestrian3, and to the front of barrier10, and to the back of barrier16; what is it?",barrier13,It is a traffic cone.,E:\Project\ADVTEST\scratch\rq1_mplug_call1000\runs\mplug-four-methods-call1000\results\mosaics\scene-0036_frame19_mosaic.jpg,uncertain,other,low,Heuristic cannot confidently classify this failure; manual review required.,uncertain,other,ASSISTED_REVIEW: retained as uncertain because auto-prefill confidence is low. Heuristic cannot confidently classify this failure; manual review required.
advtest_only_l2_080,advtest_only_l2,advtest,scene-0018_frame39::barrier3|pedestrian11|pedestrian14,scene-0018_frame39,barrier3|pedestrian11|pedestrian14,converge,57,132,"There is a pedestrian to the front of barrier2 and to the front of pedestrian14, and to the back left of barrier3, and to the front right of pedestrian9; what is it?",pedestrian11,It is a woman walking down the sidewalk.,E:\Project\ADVTEST\scratch\rq1_mplug_call1000\runs\mplug-four-methods-call1000\results\mosaics\scene-0018_frame39_mosaic.jpg,uncertain,other,low,Heuristic cannot confidently classify this failure; manual review required.,uncertain,other,ASSISTED_REVIEW: retained as uncertain because auto-prefill confidence is low. Heuristic cannot confidently classify this failure; manual review required.
advtest_only_l2_081,advtest_only_l2,advtest,scene-0099_frame35::car10|barrier23|pedestrian2,scene-0099_frame35,car10|barrier23|pedestrian2,converge,642,193,"Which barrier can be found to the back right of car10 and to the front right of trailer1, and to the front of pedestrian2, and to the back of barrier31?",barrier23,"The barrier can be found to the back right of car10 and to the front right of trailer1, and to the front of pedestrian2, and to the back of barrier31.",E:\Project\ADVTEST\scratch\rq1_mplug_call1000\runs\mplug-four-methods-call1000\results\mosaics\scene-0099_frame35_mosaic.jpg,yes,valid_visual_or_structural_error,medium,Prediction points to a different object/category or wrong candidate id.,yes,valid_visual_or_structural_error,ASSISTED_REVIEW: copied from auto-prefill (confidence=medium). Prediction points to a different object/category or wrong candidate id.
advtest_only_l2_082,advtest_only_l2,advtest,scene-0102_frame31::car3|pedestrian3|pedestrian19,scene-0102_frame31,car3|pedestrian3|pedestrian19,converge,774,72,"What pedestrian is positioned to the front of car3 and also to the front of pedestrian24, and to the front left of pedestrian19?",pedestrian3,"The pedestrian positioned to the front of car3 and also to the front of pedestrian24, and to the front left of pedestrian19 is pedestrian19.",E:\Project\ADVTEST\scratch\rq1_mplug_call1000\runs\mplug-four-methods-call1000\results\mosaics\scene-0102_frame31_mosaic.jpg,yes,valid_visual_or_structural_error,medium,Prediction points to a different object/category or wrong candidate id.,yes,valid_visual_or_structural_error,ASSISTED_REVIEW: copied from auto-prefill (confidence=medium). Prediction points to a different object/category or wrong candidate id.
advtest_only_l2_083,advtest_only_l2,advtest,scene-0097_frame12::barrier2|barrier3|barrier5,scene-0097_frame12,barrier2|barrier3|barrier5,converge,467,69,"Identify the barrier located to the back of barrier2 and to the back of barrier4, and to the back of barrier8, and to the front of barrier5.",barrier3,"The barrier located to the back of barrier2 and to the back of barrier4, and to the back of barrier8, and to the front of barrier5 is a white barrier.",E:\Project\ADVTEST\scratch\rq1_mplug_call1000\runs\mplug-four-methods-call1000\results\mosaics\scene-0097_frame12_mosaic.jpg,yes,valid_visual_or_structural_error,medium,Prediction points to a different object/category or wrong candidate id.,yes,valid_visual_or_structural_error,ASSISTED_REVIEW: copied from auto-prefill (confidence=medium). Prediction points to a different object/category or wrong candidate id.
advtest_only_l2_084,advtest_only_l2,advtest,scene-0101_frame25::barrier35|barrier8|car10,scene-0101_frame25,barrier35|barrier8|car10,converge,718,59,"Which barrier can be found to the back of barrier35 and to the back right of car10, and to the front of barrier4, and to the back of barrier15?",barrier8,"The barrier that can be found to the back of barrier35 and to the back right of car10, and to the front of barrier4, and to the back of barrier15 is barrier16.",E:\Project\ADVTEST\scratch\rq1_mplug_call1000\runs\mplug-four-methods-call1000\results\mosaics\scene-0101_frame25_mosaic.jpg,yes,valid_visual_or_structural_error,medium,Prediction points to a different object/category or wrong candidate id.,yes,valid_visual_or_structural_error,ASSISTED_REVIEW: copied from auto-prefill (confidence=medium). Prediction points to a different object/category or wrong candidate id.
advtest_only_l2_085,advtest_only_l2,advtest,scene-0036_frame17::barrier15|barrier16|barrier8,scene-0036_frame17,barrier15|barrier16|barrier8,converge,222,72,"Identify the barrier located to the back of barrier6 and to the front left of barrier8, and to the back right of barrier27, and to the back left of barrier15.",barrier16,The barrier located to the back of barrier6 and to the front left of barrier8 is orange and white.,E:\Project\ADVTEST\scratch\rq1_mplug_call1000\runs\mplug-four-methods-call1000\results\mosaics\scene-0036_frame17_mosaic.jpg,yes,valid_visual_or_structural_error,medium,Prediction points to a different object/category or wrong candidate id.,yes,valid_visual_or_structural_error,ASSISTED_REVIEW: copied from auto-prefill (confidence=medium). Prediction points to a different object/category or wrong candidate id.
advtest_only_l2_086,advtest_only_l2,advtest,scene-0035_frame14::car5|barrier2|ego,scene-0035_frame14,car5|barrier2|ego,converge,144,160,"What barrier is positioned to the back of car5 and also to the back left of ego, and to the back left of barrier3?",barrier2,"A barrier is positioned to the back of car5 and also to the back left of ego, and to the back left of barrier3.",E:\Project\ADVTEST\scratch\rq1_mplug_call1000\runs\mplug-four-methods-call1000\results\mosaics\scene-0035_frame14_mosaic.jpg,yes,valid_visual_or_structural_error,medium,Prediction points to a different object/category or wrong candidate id.,yes,valid_visual_or_structural_error,ASSISTED_REVIEW: copied from auto-prefill (confidence=medium). Prediction points to a different object/category or wrong candidate id.
advtest_only_l2_087,advtest_only_l2,advtest,scene-0101_frame25::barrier34|barrier42|barrier7,scene-0101_frame25,barrier34|barrier42|barrier7,converge,713,42,"Identify the barrier located to the back left of barrier12 and to the back left of barrier34, and to the back right of barrier33, and to the front left of barrier13, and to the back right of barrier7.",barrier42,"The barrier is located to the back left of barrier12 and to the back left of barrier34, and to the back right of barrier33, and to the front left of barrier13, and to the",E:\Project\ADVTEST\scratch\rq1_mplug_call1000\runs\mplug-four-methods-call1000\results\mosaics\scene-0101_frame25_mosaic.jpg,yes,valid_visual_or_structural_error,medium,Prediction points to a different object/category or wrong candidate id.,yes,valid_visual_or_structural_error,ASSISTED_REVIEW: copied from auto-prefill (confidence=medium). Prediction points to a different object/category or wrong candidate id.
advtest_only_l2_088,advtest_only_l2,advtest,scene-0104_frame3::car12|car18|car19,scene-0104_frame3,car12|car18|car19,converge,966,110,"Identify the car located to the back of car12 and to the back right of car19, and to the back right of car6, and to the back of car14.",car18,"The car is located to the back of car12 and to the back right of car19, and to the back right of car6, and to the back of car14.",E:\Project\ADVTEST\scratch\rq1_mplug_call1000\runs\mplug-four-methods-call1000\results\mosaics\scene-0104_frame3_mosaic.jpg,yes,valid_visual_or_structural_error,medium,Prediction points to a different object/category or wrong candidate id.,yes,valid_visual_or_structural_error,ASSISTED_REVIEW: copied from auto-prefill (confidence=medium). Prediction points to a different object/category or wrong candidate id.
advtest_only_l2_089,advtest_only_l2,advtest,scene-0018_frame39::car2|pedestrian14|pedestrian5,scene-0018_frame39,car2|pedestrian14|pedestrian5,converge,58,23,"There is a pedestrian to the front left of car2 and to the back of pedestrian6, and to the back of pedestrian7, and to the front of pedestrian5; what is it?",pedestrian14,It is a woman walking down the sidewalk.,E:\Project\ADVTEST\scratch\rq1_mplug_call1000\runs\mplug-four-methods-call1000\results\mosaics\scene-0018_frame39_mosaic.jpg,uncertain,other,low,Heuristic cannot confidently classify this failure; manual review required.,uncertain,other,ASSISTED_REVIEW: retained as uncertain because auto-prefill confidence is low. Heuristic cannot confidently classify this failure; manual review required.
advtest_only_l2_090,advtest_only_l2,advtest,scene-0097_frame37::car6|car9|pedestrian2,scene-0097_frame37,car6|car9|pedestrian2,converge,510,26,"What car is positioned to the front of car6 and also to the front left of pedestrian1, and to the front right of pedestrian2?",car9,"The car positioned to the front of car6 and also to the front left of pedestrian1, and to the front right of pedestrian2 is a black car.",E:\Project\ADVTEST\scratch\rq1_mplug_call1000\runs\mplug-four-methods-call1000\results\mosaics\scene-0097_frame37_mosaic.jpg,yes,valid_visual_or_structural_error,medium,Prediction points to a different object/category or wrong candidate id.,yes,valid_visual_or_structural_error,ASSISTED_REVIEW: copied from auto-prefill (confidence=medium). Prediction points to a different object/category or wrong candidate id.
advtest_only_l2_091,advtest_only_l2,advtest,scene-0097_frame37::pedestrian2|car12|truck2,scene-0097_frame37,pedestrian2|car12|truck2,converge,511,54,"There is a car to the back left of car2 and to the front of truck2, and to the front of pedestrian2; what is it?",car12,The car in the image is a BMW.,E:\Project\ADVTEST\scratch\rq1_mplug_call1000\runs\mplug-four-methods-call1000\results\mosaics\scene-0097_frame37_mosaic.jpg,no,answer_granularity_mismatch,medium,Prediction gives the object category/description but omits the required instance id.,no,answer_granularity_mismatch,ASSISTED_REVIEW: copied from auto-prefill (confidence=medium). Prediction gives the object category/description but omits the required instance id.
advtest_only_l2_092,advtest_only_l2,advtest,scene-0036_frame19::barrier3|pedestrian1|barrier7,scene-0036_frame19,barrier3|pedestrian1|barrier7,converge,294,43,"Identify the pedestrian located to the front left of barrier3 and to the front left of barrier7, and to the front left of barrier4.",pedestrian1,"The pedestrian is located to the front left of barrier3 and to the front left of barrier7, and to the front left of barrier4.",E:\Project\ADVTEST\scratch\rq1_mplug_call1000\runs\mplug-four-methods-call1000\results\mosaics\scene-0036_frame19_mosaic.jpg,yes,valid_visual_or_structural_error,medium,Prediction points to a different object/category or wrong candidate id.,yes,valid_visual_or_structural_error,ASSISTED_REVIEW: copied from auto-prefill (confidence=medium). Prediction points to a different object/category or wrong candidate id.
advtest_only_l2_093,advtest_only_l2,advtest,scene-0097_frame12::barrier1|barrier2|barrier5,scene-0097_frame12,barrier1|barrier2|barrier5,converge,494,93,"What barrier is to the front of barrier5 and to the front right of pedestrian4, and to the back of barrier20, and to the front of barrier1?",barrier2,The barrier in front of barrier5 and to the front right of pedestrian4 is a guardrail.,E:\Project\ADVTEST\scratch\rq1_mplug_call1000\runs\mplug-four-methods-call1000\results\mosaics\scene-0097_frame12_mosaic.jpg,yes,valid_visual_or_structural_error,medium,Prediction points to a different object/category or wrong candidate id.,yes,valid_visual_or_structural_error,ASSISTED_REVIEW: copied from auto-prefill (confidence=medium). Prediction points to a different object/category or wrong candidate id.
advtest_only_l2_094,advtest_only_l2,advtest,scene-0097_frame12::barrier19|barrier8|car5,scene-0097_frame12,barrier19|barrier8|car5,converge,485,124,"What barrier is to the back of car5 and to the front right of pedestrian7, and to the back of barrier19, and to the front of barrier3?",barrier8,The barrier is a white barrier.,E:\Project\ADVTEST\scratch\rq1_mplug_call1000\runs\mplug-four-methods-call1000\results\mosaics\scene-0097_frame12_mosaic.jpg,no,answer_granularity_mismatch,medium,Prediction gives the object category/description but omits the required instance id.,no,answer_granularity_mismatch,ASSISTED_REVIEW: copied from auto-prefill (confidence=medium). Prediction gives the object category/description but omits the required instance id.
advtest_only_l2_095,advtest_only_l2,advtest,scene-0018_frame39::barrier3|barrier4|pedestrian11,scene-0018_frame39,barrier3|barrier4|pedestrian11,converge,74,12,"Identify the barrier located to the front right of pedestrian11 and to the front right of pedestrian7, and to the front of barrier3.",barrier4,"The barrier is located to the front right of pedestrian11 and to the front right of pedestrian7, and to the front of barrier3.",E:\Project\ADVTEST\scratch\rq1_mplug_call1000\runs\mplug-four-methods-call1000\results\mosaics\scene-0018_frame39_mosaic.jpg,yes,valid_visual_or_structural_error,medium,Prediction points to a different object/category or wrong candidate id.,yes,valid_visual_or_structural_error,ASSISTED_REVIEW: copied from auto-prefill (confidence=medium). Prediction points to a different object/category or wrong candidate id.
advtest_only_l2_096,advtest_only_l2,advtest,scene-0102_frame31::pedestrian1|pedestrian3|pedestrian26,scene-0102_frame31,pedestrian1|pedestrian3|pedestrian26,converge,763,33,"Which pedestrian can be found to the front left of pedestrian1 and to the front left of pedestrian26, and to the front left of pedestrian19?",pedestrian3,"The pedestrian in the front left of pedestrian1, pedestrian26, and pedestrian19 is pedestrian1.",E:\Project\ADVTEST\scratch\rq1_mplug_call1000\runs\mplug-four-methods-call1000\results\mosaics\scene-0102_frame31_mosaic.jpg,yes,valid_visual_or_structural_error,medium,Prediction points to a different object/category or wrong candidate id.,yes,valid_visual_or_structural_error,ASSISTED_REVIEW: copied from auto-prefill (confidence=medium). Prediction points to a different object/category or wrong candidate id.
advtest_only_l2_097,advtest_only_l2,advtest,scene-0097_frame12::barrier11|barrier7|barrier3,scene-0097_frame12,barrier11|barrier7|barrier3,converge,463,181,"There is a barrier to the front of barrier3 and to the back of car11, and to the back right of car5, and to the back of barrier1, and to the front of barrier11; what is it?",barrier7,It is a traffic barrier.,E:\Project\ADVTEST\scratch\rq1_mplug_call1000\runs\mplug-four-methods-call1000\results\mosaics\scene-0097_frame12_mosaic.jpg,no,answer_granularity_mismatch,medium,Prediction gives the object category/description but omits the required instance id.,no,answer_granularity_mismatch,ASSISTED_REVIEW: copied from auto-prefill (confidence=medium). Prediction gives the object category/description but omits the required instance id.
advtest_only_l2_098,advtest_only_l2,advtest,scene-0103_frame25::pedestrian11|pedestrian9|pedestrian17,scene-0103_frame25,pedestrian11|pedestrian9|pedestrian17,converge,891,111,"What pedestrian is positioned to the back of car14 and also to the back of pedestrian11, and to the back of car26, and to the front left of pedestrian17?",pedestrian9,"The pedestrian positioned to the back of car14 and also to the back of pedestrian11, and to the back of car26, and to the front left of pedestrian17 is pedestrian1",E:\Project\ADVTEST\scratch\rq1_mplug_call1000\runs\mplug-four-methods-call1000\results\mosaics\scene-0103_frame25_mosaic.jpg,yes,valid_visual_or_structural_error,medium,Prediction points to a different object/category or wrong candidate id.,yes,valid_visual_or_structural_error,ASSISTED_REVIEW: copied from auto-prefill (confidence=medium). Prediction points to a different object/category or wrong candidate id.
advtest_only_l2_099,advtest_only_l2,advtest,scene-0035_frame39::pedestrian2|car2|pedestrian3,scene-0035_frame39,pedestrian2|car2|pedestrian3,converge,190,90,"Which car can be found to the back of pedestrian2 and to the back of pedestrian5, and to the back of pedestrian3?",car2,"The car can be found to the back of pedestrian2 and to the back of pedestrian5, and to the back of pedestrian3.",E:\Project\ADVTEST\scratch\rq1_mplug_call1000\runs\mplug-four-methods-call1000\results\mosaics\scene-0035_frame39_mosaic.jpg,yes,valid_visual_or_structural_error,medium,Prediction points to a different object/category or wrong candidate id.,yes,valid_visual_or_structural_error,ASSISTED_REVIEW: copied from auto-prefill (confidence=medium). Prediction points to a different object/category or wrong candidate id.
advtest_only_l2_100,advtest_only_l2,advtest,scene-0035_frame14::car8|car11|truck2,scene-0035_frame14,car8|car11|truck2,converge,131,94,"There is a car to the front of car1 and to the front of car8, and to the front of truck2; what is it?",car11,The car in the image is a white car.,E:\Project\ADVTEST\scratch\rq1_mplug_call1000\runs\mplug-four-methods-call1000\results\mosaics\scene-0035_frame14_mosaic.jpg,no,answer_granularity_mismatch,medium,Prediction gives the object category/description but omits the required instance id.,no,answer_granularity_mismatch,ASSISTED_REVIEW: copied from auto-prefill (confidence=medium). Prediction gives the object category/description but omits the required instance id.
random_only_l2_001,random_only_l2,random,scene-0099_frame8::barrier6|barrier8|barrier9,scene-0099_frame8,barrier6|barrier8|barrier9,converge,661,170,"What barrier is to the front of barrier9 and to the back right of car12, and to the back left of barrier6?",barrier8,"There is a construction barrier in front of barrier 9 and to the back right of car 12, and to the back left of barrier 6.",E:\Project\ADVTEST\scratch\rq1_mplug_call1000\runs\mplug-four-methods-call1000\results\mosaics\scene-0099_frame8_mosaic.jpg,yes,valid_visual_or_structural_error,medium,Prediction points to a different object/category or wrong candidate id.,yes,valid_visual_or_structural_error,ASSISTED_REVIEW: copied from auto-prefill (confidence=medium). Prediction points to a different object/category or wrong candidate id.
random_only_l2_002,random_only_l2,random,scene-0036_frame19::pedestrian2|barrier3|truck1,scene-0036_frame19,pedestrian2|barrier3|truck1,converge,272,82,Which barrier can be found to the front of pedestrian2 and to the back left of truck1?,barrier3,A barrier can be found in front of pedestrian2 and to the back left of truck1.,E:\Project\ADVTEST\scratch\rq1_mplug_call1000\runs\mplug-four-methods-call1000\results\mosaics\scene-0036_frame19_mosaic.jpg,yes,valid_visual_or_structural_error,medium,Prediction points to a different object/category or wrong candidate id.,yes,valid_visual_or_structural_error,ASSISTED_REVIEW: copied from auto-prefill (confidence=medium). Prediction points to a different object/category or wrong candidate id.
random_only_l2_003,random_only_l2,random,scene-0099_frame8::car2|car7|pedestrian2,scene-0099_frame8,car2|car7|pedestrian2,converge,668,93,"There is a car to the back left of car2 and to the front left of car9, and to the front of pedestrian2; what is it?",car7,The car in the middle of the image is a black car.,E:\Project\ADVTEST\scratch\rq1_mplug_call1000\runs\mplug-four-methods-call1000\results\mosaics\scene-0099_frame8_mosaic.jpg,no,answer_granularity_mismatch,medium,Prediction gives the object category/description but omits the required instance id.,no,answer_granularity_mismatch,ASSISTED_REVIEW: copied from auto-prefill (confidence=medium). Prediction gives the object category/description but omits the required instance id.
random_only_l2_004,random_only_l2,random,scene-0101_frame25::barrier11|pedestrian9|pedestrian19,scene-0101_frame25,barrier11|pedestrian9|pedestrian19,converge,701,194,"Identify the pedestrian located to the front left of barrier11 and to the front left of barrier18, and to the back left of pedestrian19.",pedestrian9,"The pedestrian is located to the front left of barrier 11 and to the front left of barrier 18, and to the back left of pedestrian 19.",E:\Project\ADVTEST\scratch\rq1_mplug_call1000\runs\mplug-four-methods-call1000\results\mosaics\scene-0101_frame25_mosaic.jpg,yes,valid_visual_or_structural_error,medium,Prediction points to a different object/category or wrong candidate id.,yes,valid_visual_or_structural_error,ASSISTED_REVIEW: copied from auto-prefill (confidence=medium). Prediction points to a different object/category or wrong candidate id.
random_only_l2_005,random_only_l2,random,scene-0035_frame14::car14|car11|ego,scene-0035_frame14,car14|car11|ego,converge,144,198,"Which car can be found to the front of barrier3 and to the front of car14, and to the front of ego?",car11,"The car that can be found to the front of barrier3, car14, and ego is a white car.",E:\Project\ADVTEST\scratch\rq1_mplug_call1000\runs\mplug-four-methods-call1000\results\mosaics\scene-0035_frame14_mosaic.jpg,yes,valid_visual_or_structural_error,medium,Prediction points to a different object/category or wrong candidate id.,yes,valid_visual_or_structural_error,ASSISTED_REVIEW: copied from auto-prefill (confidence=medium). Prediction points to a different object/category or wrong candidate id.
random_only_l2_006,random_only_l2,random,scene-0103_frame25::car26|pedestrian12|pedestrian5,scene-0103_frame25,car26|pedestrian12|pedestrian5,converge,897,145,"What pedestrian is to the front right of car26 and to the back of car8, and to the front left of pedestrian5?",pedestrian12,"The pedestrian is to the front right of car26 and to the back of car8, and to the front left of pedestrian5.",E:\Project\ADVTEST\scratch\rq1_mplug_call1000\runs\mplug-four-methods-call1000\results\mosaics\scene-0103_frame25_mosaic.jpg,yes,valid_visual_or_structural_error,medium,Prediction points to a different object/category or wrong candidate id.,yes,valid_visual_or_structural_error,ASSISTED_REVIEW: copied from auto-prefill (confidence=medium). Prediction points to a different object/category or wrong candidate id.
random_only_l2_007,random_only_l2,random,scene-0097_frame12::barrier20|barrier4|barrier21,scene-0097_frame12,barrier20|barrier4|barrier21,converge,476,155,"What barrier is to the front of barrier20 and to the back right of car11, and to the front of barrier21?",barrier4,"There is a white barrier in front of barrier20 and to the back right of car11, and also in front of barrier21.",E:\Project\ADVTEST\scratch\rq1_mplug_call1000\runs\mplug-four-methods-call1000\results\mosaics\scene-0097_frame12_mosaic.jpg,yes,valid_visual_or_structural_error,medium,Prediction points to a different object/category or wrong candidate id.,yes,valid_visual_or_structural_error,ASSISTED_REVIEW: copied from auto-prefill (confidence=medium). Prediction points to a different object/category or wrong candidate id.
random_only_l2_008,random_only_l2,random,scene-0104_frame20::pedestrian22|car3|pedestrian25,scene-0104_frame20,pedestrian22|car3|pedestrian25,converge,908,117,"There is a car to the back left of pedestrian22 and to the back left of pedestrian25, and to the back left of car8; what is it?",car3,The car is a white truck.,E:\Project\ADVTEST\scratch\rq1_mplug_call1000\runs\mplug-four-methods-call1000\results\mosaics\scene-0104_frame20_mosaic.jpg,no,answer_granularity_mismatch,medium,Prediction gives the object category/description but omits the required instance id.,no,answer_granularity_mismatch,ASSISTED_REVIEW: copied from auto-prefill (confidence=medium). Prediction gives the object category/description but omits the required instance id.
random_only_l2_009,random_only_l2,random,scene-0036_frame17::barrier15|barrier9|barrier7,scene-0036_frame17,barrier15|barrier9|barrier7,converge,237,58,"Identify the barrier located to the front left of barrier15 and to the front left of barrier7, and to the back left of barrier25.",barrier9,The barrier located to the front left of barrier15 and to the front left of barrier7 is a traffic barrier.,E:\Project\ADVTEST\scratch\rq1_mplug_call1000\runs\mplug-four-methods-call1000\results\mosaics\scene-0036_frame17_mosaic.jpg,yes,valid_visual_or_structural_error,medium,Prediction points to a different object/category or wrong candidate id.,yes,valid_visual_or_structural_error,ASSISTED_REVIEW: copied from auto-prefill (confidence=medium). Prediction points to a different object/category or wrong candidate id.
random_only_l2_010,random_only_l2,random,scene-0097_frame37::car8|pedestrian3|truck2,scene-0097_frame37,car8|pedestrian3|truck2,converge,542,109,"What pedestrian is to the back left of car8 and to the back left of truck2, and to the back right of pedestrian8?",pedestrian3,"The pedestrian is to the back left of car8 and to the back left of truck2, and to the back right of pedestrian8.",E:\Project\ADVTEST\scratch\rq1_mplug_call1000\runs\mplug-four-methods-call1000\results\mosaics\scene-0097_frame37_mosaic.jpg,yes,valid_visual_or_structural_error,medium,Prediction points to a different object/category or wrong candidate id.,yes,valid_visual_or_structural_error,ASSISTED_REVIEW: copied from auto-prefill (confidence=medium). Prediction points to a different object/category or wrong candidate id.
random_only_l2_011,random_only_l2,random,scene-0094_frame7::car4|barrier2|car6,scene-0094_frame7,car4|barrier2|car6,direction_chain,439,77,Does car6 lie in the same direction from barrier2 as car4?,False,"Yes, car6 lies in the same direction from barrier2 as car4.",E:\Project\ADVTEST\scratch\rq1_mplug_call1000\runs\mplug-four-methods-call1000\results\mosaics\scene-0094_frame7_mosaic.jpg,yes,valid_visual_or_structural_error,high,Expected false/no but prediction is affirmative.,yes,valid_visual_or_structural_error,ASSISTED_REVIEW: copied from auto-prefill (confidence=high). Expected false/no but prediction is affirmative.
random_only_l2_012,random_only_l2,random,scene-0102_frame39::car2|ego|pedestrian2,scene-0102_frame39,car2|ego|pedestrian2,direction_chain,810,146,Is pedestrian2 in the same direction from ego as ego is from car2?,False,"Yes, pedestrian2 is in the same direction from ego as ego is from car2.",E:\Project\ADVTEST\scratch\rq1_mplug_call1000\runs\mplug-four-methods-call1000\results\mosaics\scene-0102_frame39_mosaic.jpg,yes,valid_visual_or_structural_error,high,Expected false/no but prediction is affirmative.,yes,valid_visual_or_structural_error,ASSISTED_REVIEW: copied from auto-prefill (confidence=high). Expected false/no but prediction is affirmative.
random_only_l2_013,random_only_l2,random,scene-0094_frame7::barrier2|car4|ego,scene-0094_frame7,barrier2|car4|ego,direction_chain,412,66,Does ego lie in the same direction from car4 as barrier2?,False,"Yes, ego lies in the same direction from car4 as barrier2.",E:\Project\ADVTEST\scratch\rq1_mplug_call1000\runs\mplug-four-methods-call1000\results\mosaics\scene-0094_frame7_mosaic.jpg,yes,valid_visual_or_structural_error,high,Expected false/no but prediction is affirmative.,yes,valid_visual_or_structural_error,ASSISTED_REVIEW: copied from auto-prefill (confidence=high). Expected false/no but prediction is affirmative.
random_only_l2_014,random_only_l2,random,scene-0094_frame7::car4|car12|car9,scene-0094_frame7,car4|car12|car9,direction_chain,409,89,Does car9 lie in the same direction from car12 as car4?,False,"Yes, car9 lies in the same direction from car12 as car4.",E:\Project\ADVTEST\scratch\rq1_mplug_call1000\runs\mplug-four-methods-call1000\results\mosaics\scene-0094_frame7_mosaic.jpg,yes,valid_visual_or_structural_error,high,Expected false/no but prediction is affirmative.,yes,valid_visual_or_structural_error,ASSISTED_REVIEW: copied from auto-prefill (confidence=high). Expected false/no but prediction is affirmative.
random_only_l2_015,random_only_l2,random,scene-0102_frame39::car2|pedestrian2|ego,scene-0102_frame39,car2|pedestrian2|ego,direction_chain,815,178,Does ego lie in the same direction from pedestrian2 as car2?,False,"Yes, ego lies in the same direction from pedestrian2 as car2.",E:\Project\ADVTEST\scratch\rq1_mplug_call1000\runs\mplug-four-methods-call1000\results\mosaics\scene-0102_frame39_mosaic.jpg,yes,valid_visual_or_structural_error,high,Expected false/no but prediction is affirmative.,yes,valid_visual_or_structural_error,ASSISTED_REVIEW: copied from auto-prefill (confidence=high). Expected false/no but prediction is affirmative.
random_only_l2_016,random_only_l2,random,scene-0013_frame31::car1|ego|car4,scene-0013_frame31,car1|ego|car4,direction_chain,30,84,Is car4 in the same direction from ego as ego is from car1?,False,"Yes, car4 is in the same direction as ego is from car1.",E:\Project\ADVTEST\scratch\rq1_mplug_call1000\runs\mplug-four-methods-call1000\results\mosaics\scene-0013_frame31_mosaic.jpg,yes,valid_visual_or_structural_error,high,Expected false/no but prediction is affirmative.,yes,valid_visual_or_structural_error,ASSISTED_REVIEW: copied from auto-prefill (confidence=high). Expected false/no but prediction is affirmative.
random_only_l2_017,random_only_l2,random,scene-0094_frame7::car6|car11|car9,scene-0094_frame7,car6|car11|car9,direction_chain,408,79,Does car9 lie in the same direction from car11 as car6?,False,"Yes, car9 lies in the same direction from car11 as car6.",E:\Project\ADVTEST\scratch\rq1_mplug_call1000\runs\mplug-four-methods-call1000\results\mosaics\scene-0094_frame7_mosaic.jpg,yes,valid_visual_or_structural_error,high,Expected false/no but prediction is affirmative.,yes,valid_visual_or_structural_error,ASSISTED_REVIEW: copied from auto-prefill (confidence=high). Expected false/no but prediction is affirmative.
random_only_l2_018,random_only_l2,random,scene-0094_frame7::car11|ego|car6,scene-0094_frame7,car11|ego|car6,direction_chain,403,86,Is car6 in the same direction from ego as ego is from car11?,False,"Yes, car6 is in the same direction from ego as ego is from car11.",E:\Project\ADVTEST\scratch\rq1_mplug_call1000\runs\mplug-four-methods-call1000\results\mosaics\scene-0094_frame7_mosaic.jpg,yes,valid_visual_or_structural_error,high,Expected false/no but prediction is affirmative.,yes,valid_visual_or_structural_error,ASSISTED_REVIEW: copied from auto-prefill (confidence=high). Expected false/no but prediction is affirmative.
random_only_l2_019,random_only_l2,random,scene-0094_frame7::barrier2|car9|car6,scene-0094_frame7,barrier2|car9|car6,direction_chain,443,71,Does car6 lie in the same direction from car9 as barrier2?,False,"Yes, car6 lies in the same direction from car9 as barrier2.",E:\Project\ADVTEST\scratch\rq1_mplug_call1000\runs\mplug-four-methods-call1000\results\mosaics\scene-0094_frame7_mosaic.jpg,yes,valid_visual_or_structural_error,high,Expected false/no but prediction is affirmative.,yes,valid_visual_or_structural_error,ASSISTED_REVIEW: copied from auto-prefill (confidence=high). Expected false/no but prediction is affirmative.
random_only_l2_020,random_only_l2,random,scene-0013_frame31::bus1|bicycle2|car1,scene-0013_frame31,bus1|bicycle2|car1,direction_chain,2,60,"Considering the direction from bus1 to bicycle2, is car1 in a similar direction from bicycle2?",False,"Yes, car1 is in a similar direction from bicycle2. Both car1 and bicycle2 are traveling down the same street, which is a two-lane road.",E:\Project\ADVTEST\scratch\rq1_mplug_call1000\runs\mplug-four-methods-call1000\results\mosaics\scene-0013_frame31_mosaic.jpg,yes,valid_visual_or_structural_error,high,Expected false/no but prediction is affirmative.,yes,valid_visual_or_structural_error,ASSISTED_REVIEW: copied from auto-prefill (confidence=high). Expected false/no but prediction is affirmative.
random_only_l2_021,random_only_l2,random,scene-0013_frame31::bus1|bicycle2|car4,scene-0013_frame31,bus1|bicycle2|car4,distance_chain,13,53,"Which object is bicycle2 nearer to, bus1 or car4?",car4,Bicycle2 is nearer to bus1.,E:\Project\ADVTEST\scratch\rq1_mplug_call1000\runs\mplug-four-methods-call1000\results\mosaics\scene-0013_frame31_mosaic.jpg,yes,valid_visual_or_structural_error,medium,Prediction points to a different object/category or wrong candidate id.,yes,valid_visual_or_structural_error,ASSISTED_REVIEW: copied from auto-prefill (confidence=medium). Prediction points to a different object/category or wrong candidate id.
random_only_l2_022,random_only_l2,random,scene-0094_frame7::barrier2|car6|car11,scene-0094_frame7,barrier2|car6|car11,distance_chain,432,64,Is car6 closer to barrier2 or to car11?,car11,Car6 is closer to barrier2.,E:\Project\ADVTEST\scratch\rq1_mplug_call1000\runs\mplug-four-methods-call1000\results\mosaics\scene-0094_frame7_mosaic.jpg,yes,valid_visual_or_structural_error,medium,Prediction points to a different object/category or wrong candidate id.,yes,valid_visual_or_structural_error,ASSISTED_REVIEW: copied from auto-prefill (confidence=medium). Prediction points to a different object/category or wrong candidate id.
random_only_l2_023,random_only_l2,random,scene-0097_frame37::car8|car12|pedestrian3,scene-0097_frame37,car8|car12|pedestrian3,distance_chain,528,187,"Of car8 and pedestrian3, which is at a shorter distance from car12?",pedestrian3,Car8 is at a shorter distance from car12.,E:\Project\ADVTEST\scratch\rq1_mplug_call1000\runs\mplug-four-methods-call1000\results\mosaics\scene-0097_frame37_mosaic.jpg,yes,valid_visual_or_structural_error,medium,Prediction points to a different object/category or wrong candidate id.,yes,valid_visual_or_structural_error,ASSISTED_REVIEW: copied from auto-prefill (confidence=medium). Prediction points to a different object/category or wrong candidate id.
random_only_l2_024,random_only_l2,random,scene-0102_frame39::pedestrian2|pedestrian12|pedestrian5,scene-0102_frame39,pedestrian2|pedestrian12|pedestrian5,distance_chain,846,137,"Between pedestrian2 and pedestrian5, which one is closer to pedestrian12?",pedestrian5,Pedestrian2 is closer to pedestrian12.,E:\Project\ADVTEST\scratch\rq1_mplug_call1000\runs\mplug-four-methods-call1000\results\mosaics\scene-0102_frame39_mosaic.jpg,yes,valid_visual_or_structural_error,medium,Prediction points to a different object/category or wrong candidate id.,yes,valid_visual_or_structural_error,ASSISTED_REVIEW: copied from auto-prefill (confidence=medium). Prediction points to a different object/category or wrong candidate id.
random_only_l2_025,random_only_l2,random,scene-0092_frame20::car5|car7|car9,scene-0092_frame20,car5|car7|car9,distance_chain,322,192,"Which object is car7 nearer to, car5 or car9?",car9,Car7 is nearer to car5.,E:\Project\ADVTEST\scratch\rq1_mplug_call1000\runs\mplug-four-methods-call1000\results\mosaics\scene-0092_frame20_mosaic.jpg,yes,valid_visual_or_structural_error,medium,Prediction points to a different object/category or wrong candidate id.,yes,valid_visual_or_structural_error,ASSISTED_REVIEW: copied from auto-prefill (confidence=medium). Prediction points to a different object/category or wrong candidate id.
random_only_l2_026,random_only_l2,random,scene-0094_frame7::car6|barrier2|car9,scene-0094_frame7,car6|barrier2|car9,distance_chain,444,78,"Between car6 and car9, which one is closer to barrier2?",car9,Car 6 is closer to barrier 2.,E:\Project\ADVTEST\scratch\rq1_mplug_call1000\runs\mplug-four-methods-call1000\results\mosaics\scene-0094_frame7_mosaic.jpg,yes,valid_visual_or_structural_error,medium,Prediction points to a different object/category or wrong candidate id.,yes,valid_visual_or_structural_error,ASSISTED_REVIEW: copied from auto-prefill (confidence=medium). Prediction points to a different object/category or wrong candidate id.
random_only_l2_027,random_only_l2,random,scene-0102_frame39::pedestrian2|ego|pedestrian5,scene-0102_frame39,pedestrian2|ego|pedestrian5,distance_chain,801,177,"Between pedestrian2 and pedestrian5, which one is closer to ego?",pedestrian2,Pedestrian5 is closer to ego.,E:\Project\ADVTEST\scratch\rq1_mplug_call1000\runs\mplug-four-methods-call1000\results\mosaics\scene-0102_frame39_mosaic.jpg,yes,valid_visual_or_structural_error,medium,Prediction points to a different object/category or wrong candidate id.,yes,valid_visual_or_structural_error,ASSISTED_REVIEW: copied from auto-prefill (confidence=medium). Prediction points to a different object/category or wrong candidate id.
random_only_l2_028,random_only_l2,random,scene-0013_frame31::car2|bus1|ego,scene-0013_frame31,car2|bus1|ego,distance_chain,21,56,"Which object is bus1 nearer to, car2 or ego?",ego,Bus1 is nearer to car2.,E:\Project\ADVTEST\scratch\rq1_mplug_call1000\runs\mplug-four-methods-call1000\results\mosaics\scene-0013_frame31_mosaic.jpg,yes,valid_visual_or_structural_error,medium,Distance-comparison answer is absent and prediction selects a different candidate.,yes,valid_visual_or_structural_error,ASSISTED_REVIEW: copied from auto-prefill (confidence=medium). Distance-comparison answer is absent and prediction selects a different candidate.
random_only_l2_029,random_only_l2,random,scene-0094_frame7::car4|barrier2|ego,scene-0094_frame7,car4|barrier2|ego,distance_chain,419,69,Is barrier2 closer to car4 or to ego?,ego,Barrier2 is closer to car4.,E:\Project\ADVTEST\scratch\rq1_mplug_call1000\runs\mplug-four-methods-call1000\results\mosaics\scene-0094_frame7_mosaic.jpg,yes,valid_visual_or_structural_error,medium,Distance-comparison answer is absent and prediction selects a different candidate.,yes,valid_visual_or_structural_error,ASSISTED_REVIEW: copied from auto-prefill (confidence=medium). Distance-comparison answer is absent and prediction selects a different candidate.
random_only_l2_030,random_only_l2,random,scene-0094_frame7::barrier2|car11|car9,scene-0094_frame7,barrier2|car11|car9,distance_chain,413,80,Is car11 closer to barrier2 or to car9?,car9,Car11 is closer to barrier2.,E:\Project\ADVTEST\scratch\rq1_mplug_call1000\runs\mplug-four-methods-call1000\results\mosaics\scene-0094_frame7_mosaic.jpg,yes,valid_visual_or_structural_error,medium,Prediction points to a different object/category or wrong candidate id.,yes,valid_visual_or_structural_error,ASSISTED_REVIEW: copied from auto-prefill (confidence=medium). Prediction points to a different object/category or wrong candidate id.
random_only_l2_031,random_only_l2,random,scene-0102_frame39::ego|pedestrian12|pedestrian10,scene-0102_frame39,ego|pedestrian12|pedestrian10,viewpoint_transfer,826,85,Imagine facing from ego toward pedestrian12; would pedestrian10 be on your left or right?,left,"If you are facing from ego toward pedestrian12, pedestrian10 would be on your right.",E:\Project\ADVTEST\scratch\rq1_mplug_call1000\runs\mplug-four-methods-call1000\results\mosaics\scene-0102_frame39_mosaic.jpg,yes,valid_visual_or_structural_error,high,Expected left; prediction says right.,yes,valid_visual_or_structural_error,ASSISTED_REVIEW: copied from auto-prefill (confidence=high). Expected left; prediction says right.
random_only_l2_032,random_only_l2,random,scene-0102_frame39::car2|ego|pedestrian12,scene-0102_frame39,car2|ego|pedestrian12,viewpoint_transfer,848,160,"Standing at car2 and looking toward ego, is pedestrian12 to the left or the right?",left,Pedestrian12 is to the right of the car2.,E:\Project\ADVTEST\scratch\rq1_mplug_call1000\runs\mplug-four-methods-call1000\results\mosaics\scene-0102_frame39_mosaic.jpg,yes,valid_visual_or_structural_error,high,Expected left; prediction says right.,yes,valid_visual_or_structural_error,ASSISTED_REVIEW: copied from auto-prefill (confidence=high). Expected left; prediction says right.
random_only_l2_033,random_only_l2,random,scene-0097_frame37::car2|pedestrian2|car6,scene-0097_frame37,car2|pedestrian2|car6,viewpoint_transfer,506,199,"If you face from car2 toward pedestrian2, is car6 on your left or on your right?",left,Car6 is on your right.,E:\Project\ADVTEST\scratch\rq1_mplug_call1000\runs\mplug-four-methods-call1000\results\mosaics\scene-0097_frame37_mosaic.jpg,yes,valid_visual_or_structural_error,high,Expected left; prediction says right.,yes,valid_visual_or_structural_error,ASSISTED_REVIEW: copied from auto-prefill (confidence=high). Expected left; prediction says right.
random_only_l2_034,random_only_l2,random,scene-0102_frame39::ego|car2|pedestrian2,scene-0102_frame39,ego|car2|pedestrian2,viewpoint_transfer,845,92,"If you face from ego toward car2, is pedestrian2 on your left or on your right?",left,"If you face from ego toward car2, pedestrian2 is on your right.",E:\Project\ADVTEST\scratch\rq1_mplug_call1000\runs\mplug-four-methods-call1000\results\mosaics\scene-0102_frame39_mosaic.jpg,yes,valid_visual_or_structural_error,high,Expected left; prediction says right.,yes,valid_visual_or_structural_error,ASSISTED_REVIEW: copied from auto-prefill (confidence=high). Expected left; prediction says right.
random_only_l2_035,random_only_l2,random,scene-0102_frame39::pedestrian10|car1|pedestrian13,scene-0102_frame39,pedestrian10|car1|pedestrian13,viewpoint_transfer,818,131,"From pedestrian10, facing car1, which side is pedestrian13 on — left or right?",left,Pedestrian13 is on the right side of the image.,E:\Project\ADVTEST\scratch\rq1_mplug_call1000\runs\mplug-four-methods-call1000\results\mosaics\scene-0102_frame39_mosaic.jpg,yes,valid_visual_or_structural_error,high,Expected left; prediction says right.,yes,valid_visual_or_structural_error,ASSISTED_REVIEW: copied from auto-prefill (confidence=high). Expected left; prediction says right.
random_only_l2_036,random_only_l2,random,scene-0102_frame39::car1|pedestrian5|pedestrian4,scene-0102_frame39,car1|pedestrian5|pedestrian4,viewpoint_transfer,805,82,"From car1, facing pedestrian5, which side is pedestrian4 on — left or right?",left,Pedestrian4 is on the right side of the image.,E:\Project\ADVTEST\scratch\rq1_mplug_call1000\runs\mplug-four-methods-call1000\results\mosaics\scene-0102_frame39_mosaic.jpg,yes,valid_visual_or_structural_error,high,Expected left; prediction says right.,yes,valid_visual_or_structural_error,ASSISTED_REVIEW: copied from auto-prefill (confidence=high). Expected left; prediction says right.
random_only_l2_037,random_only_l2,random,scene-0013_frame31::car4|bicycle2|car5,scene-0013_frame31,car4|bicycle2|car5,viewpoint_transfer,49,78,"If you face from car4 toward bicycle2, is car5 on your left or on your right?",left,Car5 is on your right.,E:\Project\ADVTEST\scratch\rq1_mplug_call1000\runs\mplug-four-methods-call1000\results\mosaics\scene-0013_frame31_mosaic.jpg,yes,valid_visual_or_structural_error,high,Expected left; prediction says right.,yes,valid_visual_or_structural_error,ASSISTED_REVIEW: copied from auto-prefill (confidence=high). Expected left; prediction says right.
random_only_l2_038,random_only_l2,random,scene-0013_frame31::bicycle2|car1|bus1,scene-0013_frame31,bicycle2|car1|bus1,viewpoint_transfer,45,73,Imagine facing from bicycle2 toward car1; would bus1 be on your left or right?,left,"If you are facing from bicycle2 toward car1, bus1 would be on your right side.",E:\Project\ADVTEST\scratch\rq1_mplug_call1000\runs\mplug-four-methods-call1000\results\mosaics\scene-0013_frame31_mosaic.jpg,yes,valid_visual_or_structural_error,high,Expected left; prediction says right.,yes,valid_visual_or_structural_error,ASSISTED_REVIEW: copied from auto-prefill (confidence=high). Expected left; prediction says right.
random_only_l2_039,random_only_l2,random,scene-0092_frame20::car8|ego|pedestrian2,scene-0092_frame20,car8|ego|pedestrian2,viewpoint_transfer,320,174,"Standing at car8 and looking toward ego, is pedestrian2 to the left or the right?",left,Pedestrian2 is to the right of car8.,E:\Project\ADVTEST\scratch\rq1_mplug_call1000\runs\mplug-four-methods-call1000\results\mosaics\scene-0092_frame20_mosaic.jpg,yes,valid_visual_or_structural_error,high,Expected left; prediction says right.,yes,valid_visual_or_structural_error,ASSISTED_REVIEW: copied from auto-prefill (confidence=high). Expected left; prediction says right.
random_only_l2_040,random_only_l2,random,scene-0013_frame31::bus1|car2|car4,scene-0013_frame31,bus1|car2|car4,viewpoint_transfer,36,51,Imagine facing from bus1 toward car2; would car4 be on your left or right?,left,"If you are facing from bus1 toward car2, car4 would be on your right.",E:\Project\ADVTEST\scratch\rq1_mplug_call1000\runs\mplug-four-methods-call1000\results\mosaics\scene-0013_frame31_mosaic.jpg,yes,valid_visual_or_structural_error,high,Expected left; prediction says right.,yes,valid_visual_or_structural_error,ASSISTED_REVIEW: copied from auto-prefill (confidence=high). Expected left; prediction says right.
random_only_l2_041,random_only_l2,random,scene-0036_frame17::barrier12|barrier24|barrier21,scene-0036_frame17,barrier12|barrier24|barrier21,converge,229,103,"Identify the barrier located to the front of barrier21 and to the front of barrier23, and to the front of barrier12.",barrier24,"The barrier located to the front of barrier21 and to the front of barrier23, and to the front of barrier12 is a traffic barrier.",E:\Project\ADVTEST\scratch\rq1_mplug_call1000\runs\mplug-four-methods-call1000\results\mosaics\scene-0036_frame17_mosaic.jpg,yes,valid_visual_or_structural_error,medium,Prediction points to a different object/category or wrong candidate id.,yes,valid_visual_or_structural_error,ASSISTED_REVIEW: copied from auto-prefill (confidence=medium). Prediction points to a different object/category or wrong candidate id.
random_only_l2_042,random_only_l2,random,scene-0013_frame31::car1|bus1|car4,scene-0013_frame31,car1|bus1|car4,direction_chain,46,57,Is car4 in the same direction from bus1 as bus1 is from car1?,False,"Yes, car4 is in the same direction as bus1, as bus1 is driving down the street and car4 is following behind it.",E:\Project\ADVTEST\scratch\rq1_mplug_call1000\runs\mplug-four-methods-call1000\results\mosaics\scene-0013_frame31_mosaic.jpg,yes,valid_visual_or_structural_error,high,Expected false/no but prediction is affirmative.,yes,valid_visual_or_structural_error,ASSISTED_REVIEW: copied from auto-prefill (confidence=high). Expected false/no but prediction is affirmative.
random_only_l2_043,random_only_l2,random,scene-0092_frame20::car7|car9|truck1,scene-0092_frame20,car7|car9|truck1,distance_chain,342,175,"Of car7 and truck1, which is at a shorter distance from car9?",car7,Truck1 is at a shorter distance from car9.,E:\Project\ADVTEST\scratch\rq1_mplug_call1000\runs\mplug-four-methods-call1000\results\mosaics\scene-0092_frame20_mosaic.jpg,yes,valid_visual_or_structural_error,medium,Prediction points to a different object/category or wrong candidate id.,yes,valid_visual_or_structural_error,ASSISTED_REVIEW: copied from auto-prefill (confidence=medium). Prediction points to a different object/category or wrong candidate id.
random_only_l2_044,random_only_l2,random,scene-0103_frame25::car26|car5|car31,scene-0103_frame25,car26|car5|car31,converge,889,104,"What car is positioned to the front right of car26 and also to the front right of car28, and to the front right of car31?",car5,"A black car is positioned to the front right of car26 and also to the front right of car28, and to the front right of car31.",E:\Project\ADVTEST\scratch\rq1_mplug_call1000\runs\mplug-four-methods-call1000\results\mosaics\scene-0103_frame25_mosaic.jpg,yes,valid_visual_or_structural_error,medium,Prediction points to a different object/category or wrong candidate id.,yes,valid_visual_or_structural_error,ASSISTED_REVIEW: copied from auto-prefill (confidence=medium). Prediction points to a different object/category or wrong candidate id.
random_only_l2_045,random_only_l2,random,scene-0102_frame39::pedestrian13|pedestrian7|pedestrian5,scene-0102_frame39,pedestrian13|pedestrian7|pedestrian5,direction_chain,811,87,"From pedestrian7's perspective, are pedestrian13 and pedestrian5 in the same direction?",False,"Yes, from pedestrian7's perspective, pedestrian13 and pedestrian5 are in the same direction.",E:\Project\ADVTEST\scratch\rq1_mplug_call1000\runs\mplug-four-methods-call1000\results\mosaics\scene-0102_frame39_mosaic.jpg,yes,valid_visual_or_structural_error,high,Expected false/no but prediction is affirmative.,yes,valid_visual_or_structural_error,ASSISTED_REVIEW: copied from auto-prefill (confidence=high). Expected false/no but prediction is affirmative.
random_only_l2_046,random_only_l2,random,scene-0013_frame31::car2|bicycle2|ego,scene-0013_frame31,car2|bicycle2|ego,distance_chain,8,68,"Between car2 and ego, which one is closer to bicycle2?",ego,Car2 is closer to bicycle2.,E:\Project\ADVTEST\scratch\rq1_mplug_call1000\runs\mplug-four-methods-call1000\results\mosaics\scene-0013_frame31_mosaic.jpg,yes,valid_visual_or_structural_error,medium,Distance-comparison answer is absent and prediction selects a different candidate.,yes,valid_visual_or_structural_error,ASSISTED_REVIEW: copied from auto-prefill (confidence=medium). Distance-comparison answer is absent and prediction selects a different candidate.
random_only_l2_047,random_only_l2,random,scene-0101_frame25::barrier10|barrier45|barrier25,scene-0101_frame25,barrier10|barrier45|barrier25,converge,714,36,"What barrier is to the front right of barrier10 and to the front of barrier6, and to the front right of barrier41, and to the front of barrier25?",barrier45,"The barrier in front of barrier10, barrier6, barrier41, and barrier25 is a construction barrier.",E:\Project\ADVTEST\scratch\rq1_mplug_call1000\runs\mplug-four-methods-call1000\results\mosaics\scene-0101_frame25_mosaic.jpg,yes,valid_visual_or_structural_error,medium,Prediction points to a different object/category or wrong candidate id.,yes,valid_visual_or_structural_error,ASSISTED_REVIEW: copied from auto-prefill (confidence=medium). Prediction points to a different object/category or wrong candidate id.
random_only_l2_048,random_only_l2,random,scene-0013_frame31::car2|car5|car4,scene-0013_frame31,car2|car5|car4,direction_chain,37,94,Is car4 in the same direction from car5 as car5 is from car2?,False,"Yes, car4 is in the same direction from car5 as car5 is from car2.",E:\Project\ADVTEST\scratch\rq1_mplug_call1000\runs\mplug-four-methods-call1000\results\mosaics\scene-0013_frame31_mosaic.jpg,yes,valid_visual_or_structural_error,high,Expected false/no but prediction is affirmative.,yes,valid_visual_or_structural_error,ASSISTED_REVIEW: copied from auto-prefill (confidence=high). Expected false/no but prediction is affirmative.
random_only_l2_049,random_only_l2,random,scene-0097_frame37::car2|car12|pedestrian3,scene-0097_frame37,car2|car12|pedestrian3,distance_chain,549,177,"Which object is car12 nearer to, car2 or pedestrian3?",car2,Car12 is nearer to pedestrian3.,E:\Project\ADVTEST\scratch\rq1_mplug_call1000\runs\mplug-four-methods-call1000\results\mosaics\scene-0097_frame37_mosaic.jpg,yes,valid_visual_or_structural_error,medium,Prediction points to a different object/category or wrong candidate id.,yes,valid_visual_or_structural_error,ASSISTED_REVIEW: copied from auto-prefill (confidence=medium). Prediction points to a different object/category or wrong candidate id.
random_only_l2_050,random_only_l2,random,scene-0018_frame39::car1|car2|pedestrian13,scene-0018_frame39,car1|car2|pedestrian13,converge,96,2,What car is to the back of car1 and to the back of pedestrian13?,car2,The car is a white car.,E:\Project\ADVTEST\scratch\rq1_mplug_call1000\runs\mplug-four-methods-call1000\results\mosaics\scene-0018_frame39_mosaic.jpg,no,answer_granularity_mismatch,medium,Prediction gives the object category/description but omits the required instance id.,no,answer_granularity_mismatch,ASSISTED_REVIEW: copied from auto-prefill (confidence=medium). Prediction gives the object category/description but omits the required instance id.
random_only_l2_051,random_only_l2,random,scene-0092_frame20::car5|pedestrian2|car7,scene-0092_frame20,car5|pedestrian2|car7,direction_chain,347,162,"Considering the direction from car5 to pedestrian2, is car7 in a similar direction from pedestrian2?",False,"Yes, car7 is in a similar direction from pedestrian2. Both car5 and car7 are moving in the same direction, which is away from the pedestrian.",E:\Project\ADVTEST\scratch\rq1_mplug_call1000\runs\mplug-four-methods-call1000\results\mosaics\scene-0092_frame20_mosaic.jpg,yes,valid_visual_or_structural_error,high,Expected false/no but prediction is affirmative.,yes,valid_visual_or_structural_error,ASSISTED_REVIEW: copied from auto-prefill (confidence=high). Expected false/no but prediction is affirmative.
random_only_l2_052,random_only_l2,random,scene-0092_frame20::car7|car2|truck1,scene-0092_frame20,car7|car2|truck1,distance_chain,341,161,Is car2 closer to car7 or to truck1?,car7,Car2 is closer to truck1.,E:\Project\ADVTEST\scratch\rq1_mplug_call1000\runs\mplug-four-methods-call1000\results\mosaics\scene-0092_frame20_mosaic.jpg,yes,valid_visual_or_structural_error,medium,Prediction points to a different object/category or wrong candidate id.,yes,valid_visual_or_structural_error,ASSISTED_REVIEW: copied from auto-prefill (confidence=medium). Prediction points to a different object/category or wrong candidate id.
random_only_l2_053,random_only_l2,random,scene-0103_frame25::pedestrian13|car27|pedestrian6,scene-0103_frame25,pedestrian13|car27|pedestrian6,converge,874,131,"What car is positioned to the front of pedestrian13 and also to the front of pedestrian6, and to the front of car34?",car27,"The car positioned to the front of pedestrian13, pedestrian6, and car34 is a white car.",E:\Project\ADVTEST\scratch\rq1_mplug_call1000\runs\mplug-four-methods-call1000\results\mosaics\scene-0103_frame25_mosaic.jpg,yes,valid_visual_or_structural_error,medium,Prediction points to a different object/category or wrong candidate id.,yes,valid_visual_or_structural_error,ASSISTED_REVIEW: copied from auto-prefill (confidence=medium). Prediction points to a different object/category or wrong candidate id.
random_only_l2_054,random_only_l2,random,scene-0097_frame37::car12|pedestrian3|car13,scene-0097_frame37,car12|pedestrian3|car13,direction_chain,522,176,"From pedestrian3's perspective, are car12 and car13 in the same direction?",False,"Yes, from pedestrian3's perspective, car12 and car13 are in the same direction.",E:\Project\ADVTEST\scratch\rq1_mplug_call1000\runs\mplug-four-methods-call1000\results\mosaics\scene-0097_frame37_mosaic.jpg,yes,valid_visual_or_structural_error,high,Expected false/no but prediction is affirmative.,yes,valid_visual_or_structural_error,ASSISTED_REVIEW: copied from auto-prefill (confidence=high). Expected false/no but prediction is affirmative.
random_only_l2_055,random_only_l2,random,scene-0102_frame31::pedestrian3|pedestrian24|pedestrian34,scene-0102_frame31,pedestrian3|pedestrian24|pedestrian34,converge,788,101,"What pedestrian is positioned to the back of pedestrian16 and also to the back of pedestrian3, and to the back of pedestrian34?",pedestrian24,"The pedestrian positioned to the back of pedestrian16 and also to the back of pedestrian3, and to the back of pedestrian34 is pedestrian17.",E:\Project\ADVTEST\scratch\rq1_mplug_call1000\runs\mplug-four-methods-call1000\results\mosaics\scene-0102_frame31_mosaic.jpg,yes,valid_visual_or_structural_error,medium,Prediction points to a different object/category or wrong candidate id.,yes,valid_visual_or_structural_error,ASSISTED_REVIEW: copied from auto-prefill (confidence=medium). Prediction points to a different object/category or wrong candidate id.
random_only_l2_056,random_only_l2,random,scene-0097_frame37::car12|pedestrian3|pedestrian8,scene-0097_frame37,car12|pedestrian3|pedestrian8,direction_chain,545,183,"From pedestrian3's perspective, are car12 and pedestrian8 in the same direction?",False,"Yes, from pedestrian3's perspective, car12 and pedestrian8 are in the same direction.",E:\Project\ADVTEST\scratch\rq1_mplug_call1000\runs\mplug-four-methods-call1000\results\mosaics\scene-0097_frame37_mosaic.jpg,yes,valid_visual_or_structural_error,high,Expected false/no but prediction is affirmative.,yes,valid_visual_or_structural_error,ASSISTED_REVIEW: copied from auto-prefill (confidence=high). Expected false/no but prediction is affirmative.
random_only_l2_057,random_only_l2,random,scene-0036_frame19::barrier17|barrier8|truck2,scene-0036_frame19,barrier17|barrier8|truck2,converge,252,170,"There is a barrier to the back of barrier17 and to the back of truck2, and to the back right of barrier11; what is it?",barrier8,The barrier in the image is a metal fence.,E:\Project\ADVTEST\scratch\rq1_mplug_call1000\runs\mplug-four-methods-call1000\results\mosaics\scene-0036_frame19_mosaic.jpg,no,answer_granularity_mismatch,medium,Prediction gives the object category/description but omits the required instance id.,no,answer_granularity_mismatch,ASSISTED_REVIEW: copied from auto-prefill (confidence=medium). Prediction gives the object category/description but omits the required instance id.
random_only_l2_058,random_only_l2,random,scene-0099_frame35::motorcycle2|motorcycle1|truck6,scene-0099_frame35,motorcycle2|motorcycle1|truck6,converge,631,128,"Identify the motorcycle located to the front left of barrier18 and to the front of truck6, and to the front left of motorcycle2.",motorcycle1,"The motorcycle is located to the front left of barrier 18 and to the front of truck 6, and to the front left of motorcycle 2.",E:\Project\ADVTEST\scratch\rq1_mplug_call1000\runs\mplug-four-methods-call1000\results\mosaics\scene-0099_frame35_mosaic.jpg,yes,valid_visual_or_structural_error,medium,Prediction points to a different object/category or wrong candidate id.,yes,valid_visual_or_structural_error,ASSISTED_REVIEW: copied from auto-prefill (confidence=medium). Prediction points to a different object/category or wrong candidate id.
random_only_l2_059,random_only_l2,random,scene-0092_frame39::barrier33|pedestrian1|ego,scene-0092_frame39,barrier33|pedestrian1|ego,converge,359,64,"What pedestrian is positioned to the front right of barrier33 and also to the back of ego, and to the front left of pedestrian3?",pedestrian1,"The pedestrian positioned to the front right of barrier33 and also to the back of ego, and to the front left of pedestrian3 is a man.",E:\Project\ADVTEST\scratch\rq1_mplug_call1000\runs\mplug-four-methods-call1000\results\mosaics\scene-0092_frame39_mosaic.jpg,yes,valid_visual_or_structural_error,medium,Prediction points to a different object/category or wrong candidate id.,yes,valid_visual_or_structural_error,ASSISTED_REVIEW: copied from auto-prefill (confidence=medium). Prediction points to a different object/category or wrong candidate id.
random_only_l2_060,random_only_l2,random,scene-0092_frame20::car2|car4|truck3,scene-0092_frame20,car2|car4|truck3,converge,312,14,"What car is to the front of car2 and to the back of truck3, and to the front of car10, and to the back of car7?",car4,"The car is to the front of car2 and to the back of truck3, and to the front of car10, and to the back of car7.",E:\Project\ADVTEST\scratch\rq1_mplug_call1000\runs\mplug-four-methods-call1000\results\mosaics\scene-0092_frame20_mosaic.jpg,yes,valid_visual_or_structural_error,medium,Prediction points to a different object/category or wrong candidate id.,yes,valid_visual_or_structural_error,ASSISTED_REVIEW: copied from auto-prefill (confidence=medium). Prediction points to a different object/category or wrong candidate id.
random_only_l2_061,random_only_l2,random,scene-0036_frame17::barrier3|barrier16|pedestrian12,scene-0036_frame17,barrier3|barrier16|pedestrian12,converge,248,20,"Which barrier can be found to the back of ego and to the back right of pedestrian12, and to the front right of barrier3?",barrier16,"The barrier that can be found to the back of ego and to the back right of pedestrian12, and to the front right of barrier3 is a traffic barrier.",E:\Project\ADVTEST\scratch\rq1_mplug_call1000\runs\mplug-four-methods-call1000\results\mosaics\scene-0036_frame17_mosaic.jpg,yes,valid_visual_or_structural_error,medium,Prediction points to a different object/category or wrong candidate id.,yes,valid_visual_or_structural_error,ASSISTED_REVIEW: copied from auto-prefill (confidence=medium). Prediction points to a different object/category or wrong candidate id.
random_only_l2_062,random_only_l2,random,scene-0097_frame12::barrier1|barrier2|car12,scene-0097_frame12,barrier1|barrier2|car12,converge,456,136,"There is a barrier to the back of car12 and to the back right of pedestrian6, and to the back right of ego, and to the front of barrier1; what is it?",barrier2,It is a guardrail or a barrier that is separating the lanes of traffic and providing safety for pedestrians and vehicles.,E:\Project\ADVTEST\scratch\rq1_mplug_call1000\runs\mplug-four-methods-call1000\results\mosaics\scene-0097_frame12_mosaic.jpg,no,answer_granularity_mismatch,medium,Prediction gives the object category/description but omits the required instance id.,no,answer_granularity_mismatch,ASSISTED_REVIEW: copied from auto-prefill (confidence=medium). Prediction gives the object category/description but omits the required instance id.
random_only_l2_063,random_only_l2,random,scene-0101_frame25::barrier10|pedestrian18|barrier6,scene-0101_frame25,barrier10|pedestrian18|barrier6,converge,704,123,"What pedestrian is positioned to the front of barrier10 and also to the front left of barrier6, and to the front of pedestrian19?",pedestrian18,"The pedestrian is positioned to the front of barrier 10 and also to the front left of barrier 6, and to the front of pedestrian 19.",E:\Project\ADVTEST\scratch\rq1_mplug_call1000\runs\mplug-four-methods-call1000\results\mosaics\scene-0101_frame25_mosaic.jpg,yes,valid_visual_or_structural_error,medium,Prediction points to a different object/category or wrong candidate id.,yes,valid_visual_or_structural_error,ASSISTED_REVIEW: copied from auto-prefill (confidence=medium). Prediction points to a different object/category or wrong candidate id.
random_only_l2_064,random_only_l2,random,scene-0092_frame39::barrier33|barrier24|pedestrian5,scene-0092_frame39,barrier33|barrier24|pedestrian5,converge,379,118,"Which barrier can be found to the back of barrier20 and to the back left of pedestrian5, and to the back of barrier43, and to the front of barrier33?",barrier24,"The barrier that can be found to the back of barrier20 and to the back left of pedestrian5, and to the back of barrier43, and to the front of barrier33 is barrier33",E:\Project\ADVTEST\scratch\rq1_mplug_call1000\runs\mplug-four-methods-call1000\results\mosaics\scene-0092_frame39_mosaic.jpg,yes,valid_visual_or_structural_error,medium,Prediction points to a different object/category or wrong candidate id.,yes,valid_visual_or_structural_error,ASSISTED_REVIEW: copied from auto-prefill (confidence=medium). Prediction points to a different object/category or wrong candidate id.
random_only_l2_065,random_only_l2,random,scene-0104_frame3::car15|car6|car18,scene-0104_frame3,car15|car6|car18,converge,956,70,"Which car can be found to the back of car17 and to the front left of car18, and to the front right of car15?",car6,"The car that can be found to the back of car17 and to the front left of car18, and to the front right of car15 is a white van.",E:\Project\ADVTEST\scratch\rq1_mplug_call1000\runs\mplug-four-methods-call1000\results\mosaics\scene-0104_frame3_mosaic.jpg,yes,valid_visual_or_structural_error,medium,Prediction points to a different object/category or wrong candidate id.,yes,valid_visual_or_structural_error,ASSISTED_REVIEW: copied from auto-prefill (confidence=medium). Prediction points to a different object/category or wrong candidate id.
random_only_l2_066,random_only_l2,random,scene-0104_frame3::car5|car14|ego,scene-0104_frame3,car5|car14|ego,converge,963,48,"What car is to the back of car5 and to the back left of ego, and to the front left of car12?",car14,"The car to the back of car5 and to the back left of ego, and to the front left of car12 is a white van.",E:\Project\ADVTEST\scratch\rq1_mplug_call1000\runs\mplug-four-methods-call1000\results\mosaics\scene-0104_frame3_mosaic.jpg,yes,valid_visual_or_structural_error,medium,Prediction points to a different object/category or wrong candidate id.,yes,valid_visual_or_structural_error,ASSISTED_REVIEW: copied from auto-prefill (confidence=medium). Prediction points to a different object/category or wrong candidate id.
random_only_l2_067,random_only_l2,random,scene-0036_frame19::barrier12|pedestrian5|barrier14,scene-0036_frame19,barrier12|pedestrian5|barrier14,converge,294,48,"What pedestrian is positioned to the back left of barrier12 and also to the back left of barrier14, and to the back right of pedestrian3?",pedestrian5,"The pedestrian is positioned to the back left of barrier12 and also to the back left of barrier14, and to the back right of pedestrian3.",E:\Project\ADVTEST\scratch\rq1_mplug_call1000\runs\mplug-four-methods-call1000\results\mosaics\scene-0036_frame19_mosaic.jpg,yes,valid_visual_or_structural_error,medium,Prediction points to a different object/category or wrong candidate id.,yes,valid_visual_or_structural_error,ASSISTED_REVIEW: copied from auto-prefill (confidence=medium). Prediction points to a different object/category or wrong candidate id.
random_only_l2_068,random_only_l2,random,scene-0102_frame31::pedestrian11|pedestrian1|pedestrian3,scene-0102_frame31,pedestrian11|pedestrian1|pedestrian3,converge,785,134,Which pedestrian can be found to the front right of pedestrian11 and to the back right of pedestrian3?,pedestrian1,A man can be found to the front right of pedestrian11 and to the back right of pedestrian3.,E:\Project\ADVTEST\scratch\rq1_mplug_call1000\runs\mplug-four-methods-call1000\results\mosaics\scene-0102_frame31_mosaic.jpg,no,lexical_scoring_artifact,medium,Prediction appears to contain the expected instance id.,no,lexical_scoring_artifact,ASSISTED_REVIEW: copied from auto-prefill (confidence=medium). Prediction appears to contain the expected instance id.
random_only_l2_069,random_only_l2,random,scene-0098_frame15::barrier2|bus1|car5,scene-0098_frame15,barrier2|bus1|car5,converge,563,121,What bus is positioned to the front of barrier2 and also to the front of car5?,bus1,The bus is positioned to the front of barrier 2 and also to the front of car 5.,E:\Project\ADVTEST\scratch\rq1_mplug_call1000\runs\mplug-four-methods-call1000\results\mosaics\scene-0098_frame15_mosaic.jpg,yes,valid_visual_or_structural_error,medium,Prediction points to a different object/category or wrong candidate id.,yes,valid_visual_or_structural_error,ASSISTED_REVIEW: copied from auto-prefill (confidence=medium). Prediction points to a different object/category or wrong candidate id.
random_only_l2_070,random_only_l2,random,scene-0103_frame25::car16|pedestrian20|pedestrian12,scene-0103_frame25,car16|pedestrian20|pedestrian12,converge,869,189,"Which pedestrian can be found to the front of car16 and to the back of car27, and to the front right of pedestrian12?",pedestrian20,"The pedestrian in the middle of the image, between car16 and car27, and to the front right of pedestrian12, is the one you are looking for.",E:\Project\ADVTEST\scratch\rq1_mplug_call1000\runs\mplug-four-methods-call1000\results\mosaics\scene-0103_frame25_mosaic.jpg,yes,valid_visual_or_structural_error,medium,Prediction points to a different object/category or wrong candidate id.,yes,valid_visual_or_structural_error,ASSISTED_REVIEW: copied from auto-prefill (confidence=medium). Prediction points to a different object/category or wrong candidate id.
random_only_l2_071,random_only_l2,random,scene-0104_frame3::car4|car19|pedestrian2,scene-0104_frame3,car4|car19|pedestrian2,converge,974,114,"There is a car to the back left of car4 and to the back of pedestrian2, and to the front of car15; what is it?",car19,The car in the back left of the image is a white van.,E:\Project\ADVTEST\scratch\rq1_mplug_call1000\runs\mplug-four-methods-call1000\results\mosaics\scene-0104_frame3_mosaic.jpg,no,answer_granularity_mismatch,medium,Prediction gives the object category/description but omits the required instance id.,no,answer_granularity_mismatch,ASSISTED_REVIEW: copied from auto-prefill (confidence=medium). Prediction gives the object category/description but omits the required instance id.
random_only_l2_072,random_only_l2,random,scene-0104_frame3::car15|car19|car4,scene-0104_frame3,car15|car19|car4,converge,974,114,"There is a car to the back left of car4 and to the back of pedestrian2, and to the front of car15; what is it?",car19,The car in the back left of the image is a white van.,E:\Project\ADVTEST\scratch\rq1_mplug_call1000\runs\mplug-four-methods-call1000\results\mosaics\scene-0104_frame3_mosaic.jpg,no,answer_granularity_mismatch,medium,Prediction gives the object category/description but omits the required instance id.,no,answer_granularity_mismatch,ASSISTED_REVIEW: copied from auto-prefill (confidence=medium). Prediction gives the object category/description but omits the required instance id.
random_only_l2_073,random_only_l2,random,scene-0097_frame12::barrier9|car11|pedestrian4,scene-0097_frame12,barrier9|car11|pedestrian4,converge,461,134,"There is a car to the back left of barrier9 and to the front right of pedestrian4, and to the front left of barrier4; what is it?",car11,The car is a white car.,E:\Project\ADVTEST\scratch\rq1_mplug_call1000\runs\mplug-four-methods-call1000\results\mosaics\scene-0097_frame12_mosaic.jpg,no,answer_granularity_mismatch,medium,Prediction gives the object category/description but omits the required instance id.,no,answer_granularity_mismatch,ASSISTED_REVIEW: copied from auto-prefill (confidence=medium). Prediction gives the object category/description but omits the required instance id.
random_only_l2_074,random_only_l2,random,scene-0104_frame3::car3|pedestrian12|car9,scene-0104_frame3,car3|pedestrian12|car9,converge,991,118,"There is a pedestrian to the back of car3 and to the front of car9, and to the back right of pedestrian8; what is it?",pedestrian12,It is a van.,E:\Project\ADVTEST\scratch\rq1_mplug_call1000\runs\mplug-four-methods-call1000\results\mosaics\scene-0104_frame3_mosaic.jpg,uncertain,other,low,Heuristic cannot confidently classify this failure; manual review required.,uncertain,other,ASSISTED_REVIEW: retained as uncertain because auto-prefill confidence is low. Heuristic cannot confidently classify this failure; manual review required.
random_only_l2_075,random_only_l2,random,scene-0036_frame17::barrier10|barrier2|pedestrian2,scene-0036_frame17,barrier10|barrier2|pedestrian2,converge,226,55,"Which barrier can be found to the front of pedestrian2 and to the front of pedestrian9, and to the front left of barrier10?",barrier2,"A traffic barrier can be found to the front of pedestrian2 and to the front of pedestrian9, and to the front left of barrier10.",E:\Project\ADVTEST\scratch\rq1_mplug_call1000\runs\mplug-four-methods-call1000\results\mosaics\scene-0036_frame17_mosaic.jpg,yes,valid_visual_or_structural_error,medium,Prediction points to a different object/category or wrong candidate id.,yes,valid_visual_or_structural_error,ASSISTED_REVIEW: copied from auto-prefill (confidence=medium). Prediction points to a different object/category or wrong candidate id.
random_only_l2_076,random_only_l2,random,scene-0018_frame39::pedestrian11|pedestrian10|pedestrian6,scene-0018_frame39,pedestrian11|pedestrian10|pedestrian6,converge,72,86,"What pedestrian is positioned to the front right of pedestrian11 and also to the front of truck2, and to the back left of pedestrian6?",pedestrian10,"The pedestrian positioned to the front right of pedestrian11 and also to the front of truck2, and to the back left of pedestrian6 is a woman wearing a black jacket.",E:\Project\ADVTEST\scratch\rq1_mplug_call1000\runs\mplug-four-methods-call1000\results\mosaics\scene-0018_frame39_mosaic.jpg,yes,valid_visual_or_structural_error,medium,Prediction points to a different object/category or wrong candidate id.,yes,valid_visual_or_structural_error,ASSISTED_REVIEW: copied from auto-prefill (confidence=medium). Prediction points to a different object/category or wrong candidate id.
random_only_l2_077,random_only_l2,random,scene-0035_frame14::car11|car7|car6,scene-0035_frame14,car11|car7|car6,converge,134,72,"There is a car to the back of car11 and to the front right of car6, and to the front of car9; what is it?",car7,The car in the middle of the image is a white car.,E:\Project\ADVTEST\scratch\rq1_mplug_call1000\runs\mplug-four-methods-call1000\results\mosaics\scene-0035_frame14_mosaic.jpg,no,answer_granularity_mismatch,medium,Prediction gives the object category/description but omits the required instance id.,no,answer_granularity_mismatch,ASSISTED_REVIEW: copied from auto-prefill (confidence=medium). Prediction gives the object category/description but omits the required instance id.
random_only_l2_078,random_only_l2,random,scene-0092_frame39::barrier15|barrier13|barrier25,scene-0092_frame39,barrier15|barrier13|barrier25,converge,360,168,"What barrier is positioned to the back of barrier15 and also to the front left of pedestrian3, and to the back of barrier25?",barrier13,"A barrier is positioned to the back of barrier15 and also to the front left of pedestrian3, and to the back of barrier25.",E:\Project\ADVTEST\scratch\rq1_mplug_call1000\runs\mplug-four-methods-call1000\results\mosaics\scene-0092_frame39_mosaic.jpg,yes,valid_visual_or_structural_error,medium,Prediction points to a different object/category or wrong candidate id.,yes,valid_visual_or_structural_error,ASSISTED_REVIEW: copied from auto-prefill (confidence=medium). Prediction points to a different object/category or wrong candidate id.
random_only_l2_079,random_only_l2,random,scene-0101_frame25::barrier25|barrier45|barrier41,scene-0101_frame25,barrier25|barrier45|barrier41,converge,714,36,"What barrier is to the front right of barrier10 and to the front of barrier6, and to the front right of barrier41, and to the front of barrier25?",barrier45,"The barrier in front of barrier10, barrier6, barrier41, and barrier25 is a construction barrier.",E:\Project\ADVTEST\scratch\rq1_mplug_call1000\runs\mplug-four-methods-call1000\results\mosaics\scene-0101_frame25_mosaic.jpg,yes,valid_visual_or_structural_error,medium,Prediction points to a different object/category or wrong candidate id.,yes,valid_visual_or_structural_error,ASSISTED_REVIEW: copied from auto-prefill (confidence=medium). Prediction points to a different object/category or wrong candidate id.
random_only_l2_080,random_only_l2,random,scene-0099_frame35::barrier8|motorcycle1|motorcycle2,scene-0099_frame35,barrier8|motorcycle1|motorcycle2,converge,623,75,"What motorcycle is to the front left of barrier8 and to the front of pedestrian1, and to the front left of motorcycle2?",motorcycle1,The motorcycle in front of barrier8 and pedestrian1 is a Harley Davidson.,E:\Project\ADVTEST\scratch\rq1_mplug_call1000\runs\mplug-four-methods-call1000\results\mosaics\scene-0099_frame35_mosaic.jpg,yes,valid_visual_or_structural_error,medium,Prediction points to a different object/category or wrong candidate id.,yes,valid_visual_or_structural_error,ASSISTED_REVIEW: copied from auto-prefill (confidence=medium). Prediction points to a different object/category or wrong candidate id.
random_only_l2_081,random_only_l2,random,scene-0099_frame35::barrier3|barrier31|barrier30,scene-0099_frame35,barrier3|barrier31|barrier30,converge,645,110,"Identify the barrier located to the front of barrier3 and to the front of car8, and to the front of barrier23, and to the back of barrier30.",barrier31,"The barrier is located to the front of barrier3 and to the front of car8, and to the front of barrier23, and to the back of barrier30.",E:\Project\ADVTEST\scratch\rq1_mplug_call1000\runs\mplug-four-methods-call1000\results\mosaics\scene-0099_frame35_mosaic.jpg,yes,valid_visual_or_structural_error,medium,Prediction points to a different object/category or wrong candidate id.,yes,valid_visual_or_structural_error,ASSISTED_REVIEW: copied from auto-prefill (confidence=medium). Prediction points to a different object/category or wrong candidate id.
random_only_l2_082,random_only_l2,random,scene-0101_frame25::barrier10|pedestrian18|pedestrian19,scene-0101_frame25,barrier10|pedestrian18|pedestrian19,converge,704,123,"What pedestrian is positioned to the front of barrier10 and also to the front left of barrier6, and to the front of pedestrian19?",pedestrian18,"The pedestrian is positioned to the front of barrier 10 and also to the front left of barrier 6, and to the front of pedestrian 19.",E:\Project\ADVTEST\scratch\rq1_mplug_call1000\runs\mplug-four-methods-call1000\results\mosaics\scene-0101_frame25_mosaic.jpg,yes,valid_visual_or_structural_error,medium,Prediction points to a different object/category or wrong candidate id.,yes,valid_visual_or_structural_error,ASSISTED_REVIEW: copied from auto-prefill (confidence=medium). Prediction points to a different object/category or wrong candidate id.
random_only_l2_083,random_only_l2,random,scene-0104_frame20::bicycle1|barrier1|pedestrian18,scene-0104_frame20,bicycle1|barrier1|pedestrian18,converge,932,140,What barrier is positioned to the back right of bicycle1 and also to the front right of pedestrian18?,barrier1,A barrier is positioned to the back right of bicycle1 and also to the front right of pedestrian18.,E:\Project\ADVTEST\scratch\rq1_mplug_call1000\runs\mplug-four-methods-call1000\results\mosaics\scene-0104_frame20_mosaic.jpg,yes,valid_visual_or_structural_error,medium,Prediction points to a different object/category or wrong candidate id.,yes,valid_visual_or_structural_error,ASSISTED_REVIEW: copied from auto-prefill (confidence=medium). Prediction points to a different object/category or wrong candidate id.
random_only_l2_084,random_only_l2,random,scene-0104_frame3::car14|car21|pedestrian8,scene-0104_frame3,car14|car21|pedestrian8,converge,970,102,"Identify the car located to the back of pedestrian2 and to the back of pedestrian8, and to the front right of car14.",car21,"The car is located to the back of pedestrian2 and to the back of pedestrian8, and to the front right of car14.",E:\Project\ADVTEST\scratch\rq1_mplug_call1000\runs\mplug-four-methods-call1000\results\mosaics\scene-0104_frame3_mosaic.jpg,yes,valid_visual_or_structural_error,medium,Prediction points to a different object/category or wrong candidate id.,yes,valid_visual_or_structural_error,ASSISTED_REVIEW: copied from auto-prefill (confidence=medium). Prediction points to a different object/category or wrong candidate id.
random_only_l2_085,random_only_l2,random,scene-0097_frame37::car2|car4|car6,scene-0097_frame37,car2|car4|car6,converge,529,134,What car is to the back of car2 and to the back of car6?,car4,The car to the back of car2 and car6 is a BMW.,E:\Project\ADVTEST\scratch\rq1_mplug_call1000\runs\mplug-four-methods-call1000\results\mosaics\scene-0097_frame37_mosaic.jpg,yes,valid_visual_or_structural_error,medium,Prediction points to a different object/category or wrong candidate id.,yes,valid_visual_or_structural_error,ASSISTED_REVIEW: copied from auto-prefill (confidence=medium). Prediction points to a different object/category or wrong candidate id.
random_only_l2_086,random_only_l2,random,scene-0035_frame39::car2|car3|pedestrian5,scene-0035_frame39,car2|car3|pedestrian5,converge,182,60,What car is positioned to the front of car2 and also to the front of pedestrian5?,car3,The car positioned to the front of car2 and also to the front of pedestrian5 is a red car.,E:\Project\ADVTEST\scratch\rq1_mplug_call1000\runs\mplug-four-methods-call1000\results\mosaics\scene-0035_frame39_mosaic.jpg,yes,valid_visual_or_structural_error,medium,Prediction points to a different object/category or wrong candidate id.,yes,valid_visual_or_structural_error,ASSISTED_REVIEW: copied from auto-prefill (confidence=medium). Prediction points to a different object/category or wrong candidate id.
random_only_l2_087,random_only_l2,random,scene-0097_frame37::ego|car9|pedestrian8,scene-0097_frame37,ego|car9|pedestrian8,converge,534,168,"What car is positioned to the front left of ego and also to the front right of pedestrian8, and to the front right of car12?",car9,"The car positioned to the front left of ego and also to the front right of pedestrian8, and to the front right of car12 is a BMW.",E:\Project\ADVTEST\scratch\rq1_mplug_call1000\runs\mplug-four-methods-call1000\results\mosaics\scene-0097_frame37_mosaic.jpg,yes,valid_visual_or_structural_error,medium,Prediction points to a different object/category or wrong candidate id.,yes,valid_visual_or_structural_error,ASSISTED_REVIEW: copied from auto-prefill (confidence=medium). Prediction points to a different object/category or wrong candidate id.
random_only_l2_088,random_only_l2,random,scene-0103_frame25::car33|car27|car8,scene-0103_frame25,car33|car27|car8,converge,876,63,"Which car can be found to the front right of car33 and to the front of pedestrian6, and to the front of car8?",car27,"The car that can be found to the front right of car33 and to the front of pedestrian6, and to the front of car8 is a white car.",E:\Project\ADVTEST\scratch\rq1_mplug_call1000\runs\mplug-four-methods-call1000\results\mosaics\scene-0103_frame25_mosaic.jpg,yes,valid_visual_or_structural_error,medium,Prediction points to a different object/category or wrong candidate id.,yes,valid_visual_or_structural_error,ASSISTED_REVIEW: copied from auto-prefill (confidence=medium). Prediction points to a different object/category or wrong candidate id.
random_only_l2_089,random_only_l2,random,scene-0092_frame39::barrier2|truck2|barrier8,scene-0092_frame39,barrier2|truck2|barrier8,converge,387,167,"Which truck can be found to the back of barrier2 and to the back of barrier8, and to the front left of truck1?",truck2,"The truck that can be found to the back of barrier2 and to the back of barrier8, and to the front left of truck1 is a white truck.",E:\Project\ADVTEST\scratch\rq1_mplug_call1000\runs\mplug-four-methods-call1000\results\mosaics\scene-0092_frame39_mosaic.jpg,yes,valid_visual_or_structural_error,medium,Prediction points to a different object/category or wrong candidate id.,yes,valid_visual_or_structural_error,ASSISTED_REVIEW: copied from auto-prefill (confidence=medium). Prediction points to a different object/category or wrong candidate id.
random_only_l2_090,random_only_l2,random,scene-0101_frame25::car10|barrier10|car8,scene-0101_frame25,car10|barrier10|car8,converge,745,170,"Identify the barrier located to the front of car10 and to the back of car8, and to the front right of barrier44, and to the back left of barrier22.",barrier10,"The barrier is located in the middle of the street, in front of car10 and to the back of car8. It is also positioned to the front right of barrier44 and to the back left of barrier22",E:\Project\ADVTEST\scratch\rq1_mplug_call1000\runs\mplug-four-methods-call1000\results\mosaics\scene-0101_frame25_mosaic.jpg,yes,valid_visual_or_structural_error,medium,Prediction points to a different object/category or wrong candidate id.,yes,valid_visual_or_structural_error,ASSISTED_REVIEW: copied from auto-prefill (confidence=medium). Prediction points to a different object/category or wrong candidate id.
random_only_l2_091,random_only_l2,random,scene-0098_frame15::barrier7|barrier4|car8,scene-0098_frame15,barrier7|barrier4|car8,converge,597,73,"What barrier is to the front left of car1 and to the back left of car8, and to the back of barrier7?",barrier4,There is a guardrail in front of the cars.,E:\Project\ADVTEST\scratch\rq1_mplug_call1000\runs\mplug-four-methods-call1000\results\mosaics\scene-0098_frame15_mosaic.jpg,uncertain,other,low,Heuristic cannot confidently classify this failure; manual review required.,uncertain,other,ASSISTED_REVIEW: retained as uncertain because auto-prefill confidence is low. Heuristic cannot confidently classify this failure; manual review required.
random_only_l2_092,random_only_l2,random,scene-0103_frame25::car14|car12|pedestrian3,scene-0103_frame25,car14|car12|pedestrian3,converge,892,156,"There is a car to the back of car14 and to the back of pedestrian12, and to the back of pedestrian3; what is it?",car12,"The car in the image is parked on the side of the street, and it is located behind car14 and pedestrian12, as well as behind pedestrian3.",E:\Project\ADVTEST\scratch\rq1_mplug_call1000\runs\mplug-four-methods-call1000\results\mosaics\scene-0103_frame25_mosaic.jpg,yes,valid_visual_or_structural_error,medium,Prediction points to a different object/category or wrong candidate id.,yes,valid_visual_or_structural_error,ASSISTED_REVIEW: copied from auto-prefill (confidence=medium). Prediction points to a different object/category or wrong candidate id.
random_only_l2_093,random_only_l2,random,scene-0018_frame39::pedestrian8|pedestrian9|truck1,scene-0018_frame39,pedestrian8|pedestrian9|truck1,converge,70,125,"What pedestrian is to the front of pedestrian8 and to the front left of truck1, and to the back left of pedestrian11?",pedestrian9,"The pedestrian is to the front of pedestrian8 and to the front left of truck1, and to the back left of pedestrian11.",E:\Project\ADVTEST\scratch\rq1_mplug_call1000\runs\mplug-four-methods-call1000\results\mosaics\scene-0018_frame39_mosaic.jpg,yes,valid_visual_or_structural_error,medium,Prediction points to a different object/category or wrong candidate id.,yes,valid_visual_or_structural_error,ASSISTED_REVIEW: copied from auto-prefill (confidence=medium). Prediction points to a different object/category or wrong candidate id.
random_only_l2_094,random_only_l2,random,scene-0036_frame17::barrier2|barrier24|barrier6,scene-0036_frame17,barrier2|barrier24|barrier6,converge,212,110,"What barrier is to the front of barrier2 and to the front of barrier6, and to the front of barrier12?",barrier24,"There is a construction barrier in front of barrier2, barrier6, and barrier12.",E:\Project\ADVTEST\scratch\rq1_mplug_call1000\runs\mplug-four-methods-call1000\results\mosaics\scene-0036_frame17_mosaic.jpg,yes,valid_visual_or_structural_error,medium,Prediction points to a different object/category or wrong candidate id.,yes,valid_visual_or_structural_error,ASSISTED_REVIEW: copied from auto-prefill (confidence=medium). Prediction points to a different object/category or wrong candidate id.
random_only_l2_095,random_only_l2,random,scene-0099_frame8::barrier12|barrier11|barrier8,scene-0099_frame8,barrier12|barrier11|barrier8,converge,698,174,"What barrier is to the front of barrier8 and to the front of car11, and to the back of barrier12?",barrier11,"There is a construction barrier in front of barrier8 and car11, and behind barrier12.",E:\Project\ADVTEST\scratch\rq1_mplug_call1000\runs\mplug-four-methods-call1000\results\mosaics\scene-0099_frame8_mosaic.jpg,yes,valid_visual_or_structural_error,medium,Prediction points to a different object/category or wrong candidate id.,yes,valid_visual_or_structural_error,ASSISTED_REVIEW: copied from auto-prefill (confidence=medium). Prediction points to a different object/category or wrong candidate id.
random_only_l2_096,random_only_l2,random,scene-0101_frame25::barrier16|barrier32|barrier27,scene-0101_frame25,barrier16|barrier32|barrier27,converge,725,83,"What barrier is to the front of barrier16 and to the back right of car9, and to the back of barrier27, and to the front of barrier12?",barrier32,"The barrier in front of barrier16 and to the back right of car9, and to the back of barrier27, and to the front of barrier12 is a construction barrier.",E:\Project\ADVTEST\scratch\rq1_mplug_call1000\runs\mplug-four-methods-call1000\results\mosaics\scene-0101_frame25_mosaic.jpg,yes,valid_visual_or_structural_error,medium,Prediction points to a different object/category or wrong candidate id.,yes,valid_visual_or_structural_error,ASSISTED_REVIEW: copied from auto-prefill (confidence=medium). Prediction points to a different object/category or wrong candidate id.
random_only_l2_097,random_only_l2,random,scene-0104_frame3::car12|car5|pedestrian8,scene-0104_frame3,car12|car5|pedestrian8,converge,995,8,"Which car can be found to the front of car12 and to the front right of pedestrian8, and to the front right of car2?",car5,"The car that can be found to the front of car12 and to the front right of pedestrian8, and to the front right of car2 is a white van.",E:\Project\ADVTEST\scratch\rq1_mplug_call1000\runs\mplug-four-methods-call1000\results\mosaics\scene-0104_frame3_mosaic.jpg,yes,valid_visual_or_structural_error,medium,Prediction points to a different object/category or wrong candidate id.,yes,valid_visual_or_structural_error,ASSISTED_REVIEW: copied from auto-prefill (confidence=medium). Prediction points to a different object/category or wrong candidate id.
random_only_l2_098,random_only_l2,random,scene-0092_frame39::barrier18|barrier5|barrier44,scene-0092_frame39,barrier18|barrier5|barrier44,converge,381,155,"There is a barrier to the back of barrier20 and to the front of truck1, and to the back right of barrier44, and to the back of barrier18; what is it?",barrier5,It is a fence.,E:\Project\ADVTEST\scratch\rq1_mplug_call1000\runs\mplug-four-methods-call1000\results\mosaics\scene-0092_frame39_mosaic.jpg,uncertain,other,low,Heuristic cannot confidently classify this failure; manual review required.,uncertain,other,ASSISTED_REVIEW: retained as uncertain because auto-prefill confidence is low. Heuristic cannot confidently classify this failure; manual review required.
random_only_l2_099,random_only_l2,random,scene-0101_frame25::barrier21|barrier34|barrier9,scene-0101_frame25,barrier21|barrier34|barrier9,converge,733,158,"Identify the barrier located to the front right of barrier7 and to the back of barrier9, and to the back right of car10, and to the front of barrier21.",barrier34,"The barrier located to the front right of barrier7 and to the back of barrier9, and to the back right of car10, and to the front of barrier21 is a construction barrier.",E:\Project\ADVTEST\scratch\rq1_mplug_call1000\runs\mplug-four-methods-call1000\results\mosaics\scene-0101_frame25_mosaic.jpg,yes,valid_visual_or_structural_error,medium,Prediction points to a different object/category or wrong candidate id.,yes,valid_visual_or_structural_error,ASSISTED_REVIEW: copied from auto-prefill (confidence=medium). Prediction points to a different object/category or wrong candidate id.
random_only_l2_100,random_only_l2,random,scene-0098_frame15::car2|car16|ego,scene-0098_frame15,car2|car16|ego,converge,572,146,"What car is to the back of car2 and to the back of ego, and to the front of car14, and to the back of car5?",car16,"The car that is to the back of car2 and to the back of ego, and to the front of car14, and to the back of car5 is a black car.",E:\Project\ADVTEST\scratch\rq1_mplug_call1000\runs\mplug-four-methods-call1000\results\mosaics\scene-0098_frame15_mosaic.jpg,yes,valid_visual_or_structural_error,medium,Prediction points to a different object/category or wrong candidate id.,yes,valid_visual_or_structural_error,ASSISTED_REVIEW: copied from auto-prefill (confidence=medium). Prediction points to a different object/category or wrong candidate id.
shared_l2_001,shared_l2_advtest,advtest,scene-0035_frame39::car3|pedestrian2|pedestrian5,scene-0035_frame39,car3|pedestrian2|pedestrian5,converge,196,184,"Which pedestrian can be found to the front of car1 and to the back of car3, and to the back left of pedestrian5?",pedestrian2,"The pedestrian can be found to the front of car1 and to the back of car3, and to the back left of pedestrian5.",E:\Project\ADVTEST\scratch\rq1_mplug_call1000\runs\mplug-four-methods-call1000\results\mosaics\scene-0035_frame39_mosaic.jpg,yes,valid_visual_or_structural_error,medium,Prediction points to a different object/category or wrong candidate id.,yes,valid_visual_or_structural_error,ASSISTED_REVIEW: copied from auto-prefill (confidence=medium). Prediction points to a different object/category or wrong candidate id.
shared_l2_001,shared_l2_random,random,scene-0035_frame39::car3|pedestrian2|pedestrian5,scene-0035_frame39,car3|pedestrian2|pedestrian5,converge,191,184,"Which pedestrian can be found to the front of car1 and to the back of car3, and to the back left of pedestrian5?",pedestrian2,"The pedestrian can be found to the front of car1 and to the back of car3, and to the back left of pedestrian5.",E:\Project\ADVTEST\scratch\rq1_mplug_call1000\runs\mplug-four-methods-call1000\results\mosaics\scene-0035_frame39_mosaic.jpg,yes,valid_visual_or_structural_error,medium,Prediction points to a different object/category or wrong candidate id.,yes,valid_visual_or_structural_error,ASSISTED_REVIEW: copied from auto-prefill (confidence=medium). Prediction points to a different object/category or wrong candidate id.
shared_l2_002,shared_l2_advtest,advtest,scene-0092_frame20::car4|car10|car5,scene-0092_frame20,car4|car10|car5,converge,307,5,"What car is to the front of car5 and to the back of truck1, and to the back of car4, and to the front of car9?",car10,"The car is to the front of car5 and to the back of truck1, and to the back of car4, and to the front of car9.",E:\Project\ADVTEST\scratch\rq1_mplug_call1000\runs\mplug-four-methods-call1000\results\mosaics\scene-0092_frame20_mosaic.jpg,yes,valid_visual_or_structural_error,medium,Prediction points to a different object/category or wrong candidate id.,yes,valid_visual_or_structural_error,ASSISTED_REVIEW: copied from auto-prefill (confidence=medium). Prediction points to a different object/category or wrong candidate id.
shared_l2_002,shared_l2_random,random,scene-0092_frame20::car4|car10|car5,scene-0092_frame20,car4|car10|car5,converge,326,5,"What car is to the front of car5 and to the back of truck1, and to the back of car4, and to the front of car9?",car10,"The car is to the front of car5 and to the back of truck1, and to the back of car4, and to the front of car9.",E:\Project\ADVTEST\scratch\rq1_mplug_call1000\runs\mplug-four-methods-call1000\results\mosaics\scene-0092_frame20_mosaic.jpg,yes,valid_visual_or_structural_error,medium,Prediction points to a different object/category or wrong candidate id.,yes,valid_visual_or_structural_error,ASSISTED_REVIEW: copied from auto-prefill (confidence=medium). Prediction points to a different object/category or wrong candidate id.
shared_l2_003,shared_l2_advtest,advtest,scene-0035_frame39::ego|pedestrian2|pedestrian1,scene-0035_frame39,ego|pedestrian2|pedestrian1,converge,153,47,"There is a pedestrian to the front of car2 and to the back of car3, and to the front of pedestrian1, and to the back of ego; what is it?",pedestrian2,It is a bus.,E:\Project\ADVTEST\scratch\rq1_mplug_call1000\runs\mplug-four-methods-call1000\results\mosaics\scene-0035_frame39_mosaic.jpg,yes,valid_visual_or_structural_error,medium,Prediction points to a different object/category or wrong candidate id.,yes,valid_visual_or_structural_error,ASSISTED_REVIEW: copied from auto-prefill (confidence=medium). Prediction points to a different object/category or wrong candidate id.
shared_l2_003,shared_l2_random,random,scene-0035_frame39::ego|pedestrian2|pedestrian1,scene-0035_frame39,ego|pedestrian2|pedestrian1,converge,183,117,"Which pedestrian can be found to the back of bicycle1 and to the back of pedestrian6, and to the front of pedestrian1, and to the back of ego?",pedestrian2,"The pedestrian can be found to the back of bicycle1 and to the back of pedestrian6, and to the front of pedestrian1, and to the back of ego.",E:\Project\ADVTEST\scratch\rq1_mplug_call1000\runs\mplug-four-methods-call1000\results\mosaics\scene-0035_frame39_mosaic.jpg,yes,valid_visual_or_structural_error,medium,Prediction points to a different object/category or wrong candidate id.,yes,valid_visual_or_structural_error,ASSISTED_REVIEW: copied from auto-prefill (confidence=medium). Prediction points to a different object/category or wrong candidate id.
shared_l2_004,shared_l2_advtest,advtest,scene-0099_frame8::barrier2|car3|pedestrian2,scene-0099_frame8,barrier2|car3|pedestrian2,converge,684,83,"What car is to the front left of barrier2 and to the front of pedestrian2, and to the back left of car2, and to the front of car7?",car3,"The car to the front left of barrier2 and to the front of pedestrian2, and to the back left of car2, and to the front of car7 is a black car.",E:\Project\ADVTEST\scratch\rq1_mplug_call1000\runs\mplug-four-methods-call1000\results\mosaics\scene-0099_frame8_mosaic.jpg,yes,valid_visual_or_structural_error,medium,Prediction points to a different object/category or wrong candidate id.,yes,valid_visual_or_structural_error,ASSISTED_REVIEW: copied from auto-prefill (confidence=medium). Prediction points to a different object/category or wrong candidate id.
shared_l2_004,shared_l2_random,random,scene-0099_frame8::barrier2|car3|pedestrian2,scene-0099_frame8,barrier2|car3|pedestrian2,converge,688,83,"What car is to the front left of barrier2 and to the front of pedestrian2, and to the back left of car2, and to the front of car7?",car3,"The car to the front left of barrier2 and to the front of pedestrian2, and to the back left of car2, and to the front of car7 is a black car.",E:\Project\ADVTEST\scratch\rq1_mplug_call1000\runs\mplug-four-methods-call1000\results\mosaics\scene-0099_frame8_mosaic.jpg,yes,valid_visual_or_structural_error,medium,Prediction points to a different object/category or wrong candidate id.,yes,valid_visual_or_structural_error,ASSISTED_REVIEW: copied from auto-prefill (confidence=medium). Prediction points to a different object/category or wrong candidate id.
shared_l2_005,shared_l2_advtest,advtest,scene-0097_frame37::car8|pedestrian2|ego,scene-0097_frame37,car8|pedestrian2|ego,converge,524,124,"What pedestrian is positioned to the back left of car2 and also to the back left of car8, and to the front left of ego?",pedestrian2,"The pedestrian is positioned to the back left of car2 and also to the back left of car8, and to the front left of ego.",E:\Project\ADVTEST\scratch\rq1_mplug_call1000\runs\mplug-four-methods-call1000\results\mosaics\scene-0097_frame37_mosaic.jpg,yes,valid_visual_or_structural_error,medium,Prediction points to a different object/category or wrong candidate id.,yes,valid_visual_or_structural_error,ASSISTED_REVIEW: copied from auto-prefill (confidence=medium). Prediction points to a different object/category or wrong candidate id.
shared_l2_005,shared_l2_random,random,scene-0097_frame37::car8|pedestrian2|ego,scene-0097_frame37,car8|pedestrian2|ego,converge,531,124,"What pedestrian is positioned to the back left of car2 and also to the back left of car8, and to the front left of ego?",pedestrian2,"The pedestrian is positioned to the back left of car2 and also to the back left of car8, and to the front left of ego.",E:\Project\ADVTEST\scratch\rq1_mplug_call1000\runs\mplug-four-methods-call1000\results\mosaics\scene-0097_frame37_mosaic.jpg,yes,valid_visual_or_structural_error,medium,Prediction points to a different object/category or wrong candidate id.,yes,valid_visual_or_structural_error,ASSISTED_REVIEW: copied from auto-prefill (confidence=medium). Prediction points to a different object/category or wrong candidate id.
shared_l2_006,shared_l2_advtest,advtest,scene-0104_frame3::car8|car15|pedestrian2,scene-0104_frame3,car8|car15|pedestrian2,converge,973,126,"What car is to the front left of car18 and to the back of pedestrian2, and to the back of ego, and to the back left of car8?",car15,"The car to the front left of car18 and to the back of pedestrian2, and to the back of ego, and to the back left of car8 is a white van.",E:\Project\ADVTEST\scratch\rq1_mplug_call1000\runs\mplug-four-methods-call1000\results\mosaics\scene-0104_frame3_mosaic.jpg,yes,valid_visual_or_structural_error,medium,Prediction points to a different object/category or wrong candidate id.,yes,valid_visual_or_structural_error,ASSISTED_REVIEW: copied from auto-prefill (confidence=medium). Prediction points to a different object/category or wrong candidate id.
shared_l2_006,shared_l2_random,random,scene-0104_frame3::car8|car15|pedestrian2,scene-0104_frame3,car8|car15|pedestrian2,converge,985,126,"What car is to the front left of car18 and to the back of pedestrian2, and to the back of ego, and to the back left of car8?",car15,"The car to the front left of car18 and to the back of pedestrian2, and to the back of ego, and to the back left of car8 is a white van.",E:\Project\ADVTEST\scratch\rq1_mplug_call1000\runs\mplug-four-methods-call1000\results\mosaics\scene-0104_frame3_mosaic.jpg,yes,valid_visual_or_structural_error,medium,Prediction points to a different object/category or wrong candidate id.,yes,valid_visual_or_structural_error,ASSISTED_REVIEW: copied from auto-prefill (confidence=medium). Prediction points to a different object/category or wrong candidate id.
shared_l2_007,shared_l2_advtest,advtest,scene-0092_frame20::car9|car10|truck1,scene-0092_frame20,car9|car10|truck1,converge,307,5,"What car is to the front of car5 and to the back of truck1, and to the back of car4, and to the front of car9?",car10,"The car is to the front of car5 and to the back of truck1, and to the back of car4, and to the front of car9.",E:\Project\ADVTEST\scratch\rq1_mplug_call1000\runs\mplug-four-methods-call1000\results\mosaics\scene-0092_frame20_mosaic.jpg,yes,valid_visual_or_structural_error,medium,Prediction points to a different object/category or wrong candidate id.,yes,valid_visual_or_structural_error,ASSISTED_REVIEW: copied from auto-prefill (confidence=medium). Prediction points to a different object/category or wrong candidate id.
shared_l2_007,shared_l2_random,random,scene-0092_frame20::car9|car10|truck1,scene-0092_frame20,car9|car10|truck1,converge,326,5,"What car is to the front of car5 and to the back of truck1, and to the back of car4, and to the front of car9?",car10,"The car is to the front of car5 and to the back of truck1, and to the back of car4, and to the front of car9.",E:\Project\ADVTEST\scratch\rq1_mplug_call1000\runs\mplug-four-methods-call1000\results\mosaics\scene-0092_frame20_mosaic.jpg,yes,valid_visual_or_structural_error,medium,Prediction points to a different object/category or wrong candidate id.,yes,valid_visual_or_structural_error,ASSISTED_REVIEW: copied from auto-prefill (confidence=medium). Prediction points to a different object/category or wrong candidate id.
shared_l2_008,shared_l2_advtest,advtest,scene-0036_frame17::barrier2|barrier15|barrier8,scene-0036_frame17,barrier2|barrier15|barrier8,converge,217,116,"There is a barrier to the back right of barrier23 and to the back of truck2, and to the front left of barrier8, and to the back right of barrier2; what is it?",barrier15,It is a traffic barrier.,E:\Project\ADVTEST\scratch\rq1_mplug_call1000\runs\mplug-four-methods-call1000\results\mosaics\scene-0036_frame17_mosaic.jpg,no,answer_granularity_mismatch,medium,Prediction gives the object category/description but omits the required instance id.,no,answer_granularity_mismatch,ASSISTED_REVIEW: copied from auto-prefill (confidence=medium). Prediction gives the object category/description but omits the required instance id.
shared_l2_008,shared_l2_random,random,scene-0036_frame17::barrier2|barrier15|barrier8,scene-0036_frame17,barrier2|barrier15|barrier8,converge,227,68,"What barrier is to the back of barrier7 and to the back right of ego, and to the front left of barrier8, and to the back right of barrier2?",barrier15,The barrier is orange and white.,E:\Project\ADVTEST\scratch\rq1_mplug_call1000\runs\mplug-four-methods-call1000\results\mosaics\scene-0036_frame17_mosaic.jpg,no,answer_granularity_mismatch,medium,Prediction gives the object category/description but omits the required instance id.,no,answer_granularity_mismatch,ASSISTED_REVIEW: copied from auto-prefill (confidence=medium). Prediction gives the object category/description but omits the required instance id.
shared_l2_009,shared_l2_advtest,advtest,scene-0102_frame31::pedestrian16|pedestrian19|pedestrian3,scene-0102_frame31,pedestrian16|pedestrian19|pedestrian3,converge,784,25,"There is a pedestrian to the front of pedestrian16 and to the front of pedestrian24, and to the back right of pedestrian3; what is it?",pedestrian19,It is a person walking on the sidewalk.,E:\Project\ADVTEST\scratch\rq1_mplug_call1000\runs\mplug-four-methods-call1000\results\mosaics\scene-0102_frame31_mosaic.jpg,uncertain,other,low,Heuristic cannot confidently classify this failure; manual review required.,uncertain,other,ASSISTED_REVIEW: retained as uncertain because auto-prefill confidence is low. Heuristic cannot confidently classify this failure; manual review required.
shared_l2_009,shared_l2_random,random,scene-0102_frame31::pedestrian16|pedestrian19|pedestrian3,scene-0102_frame31,pedestrian16|pedestrian19|pedestrian3,converge,764,25,"There is a pedestrian to the front of pedestrian16 and to the front of pedestrian24, and to the back right of pedestrian3; what is it?",pedestrian19,It is a person walking on the sidewalk.,E:\Project\ADVTEST\scratch\rq1_mplug_call1000\runs\mplug-four-methods-call1000\results\mosaics\scene-0102_frame31_mosaic.jpg,uncertain,other,low,Heuristic cannot confidently classify this failure; manual review required.,uncertain,other,ASSISTED_REVIEW: retained as uncertain because auto-prefill confidence is low. Heuristic cannot confidently classify this failure; manual review required.
shared_l2_010,shared_l2_advtest,advtest,scene-0099_frame35::barrier7|barrier10|barrier8,scene-0099_frame35,barrier7|barrier10|barrier8,converge,609,107,"There is a barrier to the back of barrier15 and to the back of car15, and to the front right of barrier17, and to the front of barrier7, and to the back of barrier8; what is it?",barrier10,It is a construction barrier.,E:\Project\ADVTEST\scratch\rq1_mplug_call1000\runs\mplug-four-methods-call1000\results\mosaics\scene-0099_frame35_mosaic.jpg,no,answer_granularity_mismatch,medium,Prediction gives the object category/description but omits the required instance id.,no,answer_granularity_mismatch,ASSISTED_REVIEW: copied from auto-prefill (confidence=medium). Prediction gives the object category/description but omits the required instance id.
shared_l2_010,shared_l2_random,random,scene-0099_frame35::barrier7|barrier10|barrier8,scene-0099_frame35,barrier7|barrier10|barrier8,converge,617,107,"There is a barrier to the back of barrier15 and to the back of car15, and to the front right of barrier17, and to the front of barrier7, and to the back of barrier8; what is it?",barrier10,It is a construction barrier.,E:\Project\ADVTEST\scratch\rq1_mplug_call1000\runs\mplug-four-methods-call1000\results\mosaics\scene-0099_frame35_mosaic.jpg,no,answer_granularity_mismatch,medium,Prediction gives the object category/description but omits the required instance id.,no,answer_granularity_mismatch,ASSISTED_REVIEW: copied from auto-prefill (confidence=medium). Prediction gives the object category/description but omits the required instance id.
shared_l2_011,shared_l2_advtest,advtest,scene-0094_frame7::car12|car4|car6,scene-0094_frame7,car12|car4|car6,direction_chain,446,51,Does car6 lie in the same direction from car4 as car12?,False,"Yes, car6 lies in the same direction from car4 as car12.",E:\Project\ADVTEST\scratch\rq1_mplug_call1000\runs\mplug-four-methods-call1000\results\mosaics\scene-0094_frame7_mosaic.jpg,yes,valid_visual_or_structural_error,high,Expected false/no but prediction is affirmative.,yes,valid_visual_or_structural_error,ASSISTED_REVIEW: copied from auto-prefill (confidence=high). Expected false/no but prediction is affirmative.
shared_l2_011,shared_l2_random,random,scene-0094_frame7::car12|car4|car6,scene-0094_frame7,car12|car4|car6,direction_chain,442,51,Does car6 lie in the same direction from car4 as car12?,False,"Yes, car6 lies in the same direction from car4 as car12.",E:\Project\ADVTEST\scratch\rq1_mplug_call1000\runs\mplug-four-methods-call1000\results\mosaics\scene-0094_frame7_mosaic.jpg,yes,valid_visual_or_structural_error,high,Expected false/no but prediction is affirmative.,yes,valid_visual_or_structural_error,ASSISTED_REVIEW: copied from auto-prefill (confidence=high). Expected false/no but prediction is affirmative.
shared_l2_012,shared_l2_advtest,advtest,scene-0013_frame31::car1|ego|car2,scene-0013_frame31,car1|ego|car2,direction_chain,48,48,"From ego's perspective, are car1 and car2 in the same direction?",False,"Yes, from ego's perspective, car1 and car2 are in the same direction, as they are both traveling down the same street.",E:\Project\ADVTEST\scratch\rq1_mplug_call1000\runs\mplug-four-methods-call1000\results\mosaics\scene-0013_frame31_mosaic.jpg,yes,valid_visual_or_structural_error,high,Expected false/no but prediction is affirmative.,yes,valid_visual_or_structural_error,ASSISTED_REVIEW: copied from auto-prefill (confidence=high). Expected false/no but prediction is affirmative.
shared_l2_012,shared_l2_random,random,scene-0013_frame31::car1|ego|car2,scene-0013_frame31,car1|ego|car2,direction_chain,32,48,"From ego's perspective, are car1 and car2 in the same direction?",False,"Yes, from ego's perspective, car1 and car2 are in the same direction, as they are both traveling down the same street.",E:\Project\ADVTEST\scratch\rq1_mplug_call1000\runs\mplug-four-methods-call1000\results\mosaics\scene-0013_frame31_mosaic.jpg,yes,valid_visual_or_structural_error,high,Expected false/no but prediction is affirmative.,yes,valid_visual_or_structural_error,ASSISTED_REVIEW: copied from auto-prefill (confidence=high). Expected false/no but prediction is affirmative.
shared_l2_013,shared_l2_advtest,advtest,scene-0013_frame31::bus1|bicycle2|car2,scene-0013_frame31,bus1|bicycle2|car2,direction_chain,46,46,"From bicycle2's perspective, are bus1 and car2 in the same direction?",False,"Yes, from bicycle2's perspective, bus1 and car2 are in the same direction.",E:\Project\ADVTEST\scratch\rq1_mplug_call1000\runs\mplug-four-methods-call1000\results\mosaics\scene-0013_frame31_mosaic.jpg,yes,valid_visual_or_structural_error,high,Expected false/no but prediction is affirmative.,yes,valid_visual_or_structural_error,ASSISTED_REVIEW: copied from auto-prefill (confidence=high). Expected false/no but prediction is affirmative.
shared_l2_013,shared_l2_random,random,scene-0013_frame31::bus1|bicycle2|car2,scene-0013_frame31,bus1|bicycle2|car2,direction_chain,23,46,"From bicycle2's perspective, are bus1 and car2 in the same direction?",False,"Yes, from bicycle2's perspective, bus1 and car2 are in the same direction.",E:\Project\ADVTEST\scratch\rq1_mplug_call1000\runs\mplug-four-methods-call1000\results\mosaics\scene-0013_frame31_mosaic.jpg,yes,valid_visual_or_structural_error,high,Expected false/no but prediction is affirmative.,yes,valid_visual_or_structural_error,ASSISTED_REVIEW: copied from auto-prefill (confidence=high). Expected false/no but prediction is affirmative.
shared_l2_014,shared_l2_advtest,advtest,scene-0013_frame31::bicycle2|car4|car2,scene-0013_frame31,bicycle2|car4|car2,distance_chain,41,41,"Of bicycle2 and car2, which is at a shorter distance from car4?",car2,Bicycle2 is at a shorter distance from car4.,E:\Project\ADVTEST\scratch\rq1_mplug_call1000\runs\mplug-four-methods-call1000\results\mosaics\scene-0013_frame31_mosaic.jpg,yes,valid_visual_or_structural_error,medium,Prediction points to a different object/category or wrong candidate id.,yes,valid_visual_or_structural_error,ASSISTED_REVIEW: copied from auto-prefill (confidence=medium). Prediction points to a different object/category or wrong candidate id.
shared_l2_014,shared_l2_random,random,scene-0013_frame31::bicycle2|car4|car2,scene-0013_frame31,bicycle2|car4|car2,distance_chain,42,41,"Of bicycle2 and car2, which is at a shorter distance from car4?",car2,Bicycle2 is at a shorter distance from car4.,E:\Project\ADVTEST\scratch\rq1_mplug_call1000\runs\mplug-four-methods-call1000\results\mosaics\scene-0013_frame31_mosaic.jpg,yes,valid_visual_or_structural_error,medium,Prediction points to a different object/category or wrong candidate id.,yes,valid_visual_or_structural_error,ASSISTED_REVIEW: copied from auto-prefill (confidence=medium). Prediction points to a different object/category or wrong candidate id.
shared_l2_015,shared_l2_advtest,advtest,scene-0013_frame31::bicycle2|bus1|ego,scene-0013_frame31,bicycle2|bus1|ego,distance_chain,50,50,"Between bicycle2 and ego, which one is closer to bus1?",ego,Bicycle2 is closer to bus1.,E:\Project\ADVTEST\scratch\rq1_mplug_call1000\runs\mplug-four-methods-call1000\results\mosaics\scene-0013_frame31_mosaic.jpg,yes,valid_visual_or_structural_error,medium,Distance-comparison answer is absent and prediction selects a different candidate.,yes,valid_visual_or_structural_error,ASSISTED_REVIEW: copied from auto-prefill (confidence=medium). Distance-comparison answer is absent and prediction selects a different candidate.
shared_l2_015,shared_l2_random,random,scene-0013_frame31::bicycle2|bus1|ego,scene-0013_frame31,bicycle2|bus1|ego,distance_chain,17,50,"Between bicycle2 and ego, which one is closer to bus1?",ego,Bicycle2 is closer to bus1.,E:\Project\ADVTEST\scratch\rq1_mplug_call1000\runs\mplug-four-methods-call1000\results\mosaics\scene-0013_frame31_mosaic.jpg,yes,valid_visual_or_structural_error,medium,Distance-comparison answer is absent and prediction selects a different candidate.,yes,valid_visual_or_structural_error,ASSISTED_REVIEW: copied from auto-prefill (confidence=medium). Distance-comparison answer is absent and prediction selects a different candidate.
shared_l2_016,shared_l2_advtest,advtest,scene-0013_frame31::bus1|car1|car5,scene-0013_frame31,bus1|car1|car5,distance_chain,47,47,"Which object is car1 nearer to, bus1 or car5?",car5,Car1 is nearer to bus1.,E:\Project\ADVTEST\scratch\rq1_mplug_call1000\runs\mplug-four-methods-call1000\results\mosaics\scene-0013_frame31_mosaic.jpg,yes,valid_visual_or_structural_error,medium,Prediction points to a different object/category or wrong candidate id.,yes,valid_visual_or_structural_error,ASSISTED_REVIEW: copied from auto-prefill (confidence=medium). Prediction points to a different object/category or wrong candidate id.
shared_l2_016,shared_l2_random,random,scene-0013_frame31::bus1|car1|car5,scene-0013_frame31,bus1|car1|car5,distance_chain,50,47,"Which object is car1 nearer to, bus1 or car5?",car5,Car1 is nearer to bus1.,E:\Project\ADVTEST\scratch\rq1_mplug_call1000\runs\mplug-four-methods-call1000\results\mosaics\scene-0013_frame31_mosaic.jpg,yes,valid_visual_or_structural_error,medium,Prediction points to a different object/category or wrong candidate id.,yes,valid_visual_or_structural_error,ASSISTED_REVIEW: copied from auto-prefill (confidence=medium). Prediction points to a different object/category or wrong candidate id.
shared_l2_017,shared_l2_advtest,advtest,scene-0013_frame31::bicycle2|car5|car2,scene-0013_frame31,bicycle2|car5|car2,viewpoint_transfer,45,45,"If you face from bicycle2 toward car5, is car2 on your left or on your right?",left,Car2 is on your right.,E:\Project\ADVTEST\scratch\rq1_mplug_call1000\runs\mplug-four-methods-call1000\results\mosaics\scene-0013_frame31_mosaic.jpg,yes,valid_visual_or_structural_error,high,Expected left; prediction says right.,yes,valid_visual_or_structural_error,ASSISTED_REVIEW: copied from auto-prefill (confidence=high). Expected left; prediction says right.
shared_l2_017,shared_l2_random,random,scene-0013_frame31::bicycle2|car5|car2,scene-0013_frame31,bicycle2|car5|car2,viewpoint_transfer,33,45,"If you face from bicycle2 toward car5, is car2 on your left or on your right?",left,Car2 is on your right.,E:\Project\ADVTEST\scratch\rq1_mplug_call1000\runs\mplug-four-methods-call1000\results\mosaics\scene-0013_frame31_mosaic.jpg,yes,valid_visual_or_structural_error,high,Expected left; prediction says right.,yes,valid_visual_or_structural_error,ASSISTED_REVIEW: copied from auto-prefill (confidence=high). Expected left; prediction says right.
shared_l2_018,shared_l2_advtest,advtest,scene-0094_frame7::barrier2|car6|car9,scene-0094_frame7,barrier2|car6|car9,converge,406,4,"What car is positioned to the back left of barrier2 and also to the front left of car9, and to the back of car12?",car6,"A white car is positioned to the back left of barrier2 and also to the front left of car9, and to the back of car12.",E:\Project\ADVTEST\scratch\rq1_mplug_call1000\runs\mplug-four-methods-call1000\results\mosaics\scene-0094_frame7_mosaic.jpg,yes,valid_visual_or_structural_error,medium,Prediction points to a different object/category or wrong candidate id.,yes,valid_visual_or_structural_error,ASSISTED_REVIEW: copied from auto-prefill (confidence=medium). Prediction points to a different object/category or wrong candidate id.
shared_l2_018,shared_l2_random,random,scene-0094_frame7::barrier2|car6|car9,scene-0094_frame7,barrier2|car6|car9,converge,426,4,"What car is positioned to the back left of barrier2 and also to the front left of car9, and to the back of car12?",car6,"A white car is positioned to the back left of barrier2 and also to the front left of car9, and to the back of car12.",E:\Project\ADVTEST\scratch\rq1_mplug_call1000\runs\mplug-four-methods-call1000\results\mosaics\scene-0094_frame7_mosaic.jpg,yes,valid_visual_or_structural_error,medium,Prediction points to a different object/category or wrong candidate id.,yes,valid_visual_or_structural_error,ASSISTED_REVIEW: copied from auto-prefill (confidence=medium). Prediction points to a different object/category or wrong candidate id.
shared_l2_019,shared_l2_advtest,advtest,scene-0103_frame25::car14|car26|pedestrian9,scene-0103_frame25,car14|car26|pedestrian9,converge,875,146,"What car is to the back left of car19 and to the front of pedestrian9, and to the front left of car14, and to the back of car33?",car26,"The car is to the back left of car19 and to the front of pedestrian9, and to the front left of car14, and to the back of car33.",E:\Project\ADVTEST\scratch\rq1_mplug_call1000\runs\mplug-four-methods-call1000\results\mosaics\scene-0103_frame25_mosaic.jpg,yes,valid_visual_or_structural_error,medium,Prediction points to a different object/category or wrong candidate id.,yes,valid_visual_or_structural_error,ASSISTED_REVIEW: copied from auto-prefill (confidence=medium). Prediction points to a different object/category or wrong candidate id.
shared_l2_019,shared_l2_random,random,scene-0103_frame25::car14|car26|pedestrian9,scene-0103_frame25,car14|car26|pedestrian9,converge,896,146,"What car is to the back left of car19 and to the front of pedestrian9, and to the front left of car14, and to the back of car33?",car26,"The car is to the back left of car19 and to the front of pedestrian9, and to the front left of car14, and to the back of car33.",E:\Project\ADVTEST\scratch\rq1_mplug_call1000\runs\mplug-four-methods-call1000\results\mosaics\scene-0103_frame25_mosaic.jpg,yes,valid_visual_or_structural_error,medium,Prediction points to a different object/category or wrong candidate id.,yes,valid_visual_or_structural_error,ASSISTED_REVIEW: copied from auto-prefill (confidence=medium). Prediction points to a different object/category or wrong candidate id.
shared_l2_020,shared_l2_advtest,advtest,scene-0104_frame20::pedestrian4|pedestrian18|pedestrian5,scene-0104_frame20,pedestrian4|pedestrian18|pedestrian5,converge,924,192,"Which pedestrian can be found to the back of bicycle1 and to the back of pedestrian5, and to the front of pedestrian4, and to the back of pedestrian24?",pedestrian18,"The pedestrian who can be found to the back of bicycle1 and to the back of pedestrian5, and to the front of pedestrian4, and to the back of pedestrian24 is pedestrian",E:\Project\ADVTEST\scratch\rq1_mplug_call1000\runs\mplug-four-methods-call1000\results\mosaics\scene-0104_frame20_mosaic.jpg,yes,valid_visual_or_structural_error,medium,Prediction points to a different object/category or wrong candidate id.,yes,valid_visual_or_structural_error,ASSISTED_REVIEW: copied from auto-prefill (confidence=medium). Prediction points to a different object/category or wrong candidate id.
shared_l2_020,shared_l2_random,random,scene-0104_frame20::pedestrian4|pedestrian18|pedestrian5,scene-0104_frame20,pedestrian4|pedestrian18|pedestrian5,converge,928,192,"Which pedestrian can be found to the back of bicycle1 and to the back of pedestrian5, and to the front of pedestrian4, and to the back of pedestrian24?",pedestrian18,"The pedestrian who can be found to the back of bicycle1 and to the back of pedestrian5, and to the front of pedestrian4, and to the back of pedestrian24 is pedestrian",E:\Project\ADVTEST\scratch\rq1_mplug_call1000\runs\mplug-four-methods-call1000\results\mosaics\scene-0104_frame20_mosaic.jpg,yes,valid_visual_or_structural_error,medium,Prediction points to a different object/category or wrong candidate id.,yes,valid_visual_or_structural_error,ASSISTED_REVIEW: copied from auto-prefill (confidence=medium). Prediction points to a different object/category or wrong candidate id.
shared_l2_021,shared_l2_advtest,advtest,scene-0104_frame3::car16|car20|car18,scene-0104_frame3,car16|car20|car18,converge,985,34,"There is a car to the front of car18 and to the front of car8, and to the front right of car21, and to the front of car16; what is it?",car20,The car in the middle of the image is a white van.,E:\Project\ADVTEST\scratch\rq1_mplug_call1000\runs\mplug-four-methods-call1000\results\mosaics\scene-0104_frame3_mosaic.jpg,no,answer_granularity_mismatch,medium,Prediction gives the object category/description but omits the required instance id.,no,answer_granularity_mismatch,ASSISTED_REVIEW: copied from auto-prefill (confidence=medium). Prediction gives the object category/description but omits the required instance id.
shared_l2_021,shared_l2_random,random,scene-0104_frame3::car16|car20|car18,scene-0104_frame3,car16|car20|car18,converge,961,34,"There is a car to the front of car18 and to the front of car8, and to the front right of car21, and to the front of car16; what is it?",car20,The car in the middle of the image is a white van.,E:\Project\ADVTEST\scratch\rq1_mplug_call1000\runs\mplug-four-methods-call1000\results\mosaics\scene-0104_frame3_mosaic.jpg,no,answer_granularity_mismatch,medium,Prediction gives the object category/description but omits the required instance id.,no,answer_granularity_mismatch,ASSISTED_REVIEW: copied from auto-prefill (confidence=medium). Prediction gives the object category/description but omits the required instance id.
shared_l2_022,shared_l2_advtest,advtest,scene-0092_frame20::car2|car9|car5,scene-0092_frame20,car2|car9|car5,converge,301,2,"Identify the car located to the front of car2 and to the back of car7, and to the back of car10, and to the front of car5.",car9,"The car is located in the middle of the street, between car2 and car7, and between car10 and car5.",E:\Project\ADVTEST\scratch\rq1_mplug_call1000\runs\mplug-four-methods-call1000\results\mosaics\scene-0092_frame20_mosaic.jpg,yes,valid_visual_or_structural_error,medium,Prediction points to a different object/category or wrong candidate id.,yes,valid_visual_or_structural_error,ASSISTED_REVIEW: copied from auto-prefill (confidence=medium). Prediction points to a different object/category or wrong candidate id.
shared_l2_022,shared_l2_random,random,scene-0092_frame20::car2|car9|car5,scene-0092_frame20,car2|car9|car5,converge,310,55,"What car is positioned to the front of car2 and also to the back of car8, and to the back left of ego, and to the front of car5?",car9,"The car positioned to the front of car2 and also to the back of car8, and to the back left of ego, and to the front of car5 is a white truck.",E:\Project\ADVTEST\scratch\rq1_mplug_call1000\runs\mplug-four-methods-call1000\results\mosaics\scene-0092_frame20_mosaic.jpg,yes,valid_visual_or_structural_error,medium,Prediction points to a different object/category or wrong candidate id.,yes,valid_visual_or_structural_error,ASSISTED_REVIEW: copied from auto-prefill (confidence=medium). Prediction points to a different object/category or wrong candidate id.
shared_l2_023,shared_l2_advtest,advtest,scene-0092_frame39::barrier33|barrier24|barrier43,scene-0092_frame39,barrier33|barrier24|barrier43,converge,377,37,"What barrier is positioned to the back of barrier11 and also to the back of barrier37, and to the back of barrier43, and to the front of barrier33?",barrier24,"A barrier is positioned to the back of barrier11 and also to the back of barrier37, and to the back of barrier43, and to the front of barrier33.",E:\Project\ADVTEST\scratch\rq1_mplug_call1000\runs\mplug-four-methods-call1000\results\mosaics\scene-0092_frame39_mosaic.jpg,yes,valid_visual_or_structural_error,medium,Prediction points to a different object/category or wrong candidate id.,yes,valid_visual_or_structural_error,ASSISTED_REVIEW: copied from auto-prefill (confidence=medium). Prediction points to a different object/category or wrong candidate id.
shared_l2_023,shared_l2_random,random,scene-0092_frame39::barrier33|barrier24|barrier43,scene-0092_frame39,barrier33|barrier24|barrier43,converge,362,37,"What barrier is positioned to the back of barrier11 and also to the back of barrier37, and to the back of barrier43, and to the front of barrier33?",barrier24,"A barrier is positioned to the back of barrier11 and also to the back of barrier37, and to the back of barrier43, and to the front of barrier33.",E:\Project\ADVTEST\scratch\rq1_mplug_call1000\runs\mplug-four-methods-call1000\results\mosaics\scene-0092_frame39_mosaic.jpg,yes,valid_visual_or_structural_error,medium,Prediction points to a different object/category or wrong candidate id.,yes,valid_visual_or_structural_error,ASSISTED_REVIEW: copied from auto-prefill (confidence=medium). Prediction points to a different object/category or wrong candidate id.
shared_l2_024,shared_l2_advtest,advtest,scene-0036_frame17::barrier3|barrier28|pedestrian8,scene-0036_frame17,barrier3|barrier28|pedestrian8,converge,221,57,"What barrier is to the front of barrier3 and to the back right of pedestrian8, and to the front right of ego, and to the front of barrier25?",barrier28,"The barrier in front of barrier3, to the back right of pedestrian8, and to the front right of ego is a traffic barrier.",E:\Project\ADVTEST\scratch\rq1_mplug_call1000\runs\mplug-four-methods-call1000\results\mosaics\scene-0036_frame17_mosaic.jpg,yes,valid_visual_or_structural_error,medium,Prediction points to a different object/category or wrong candidate id.,yes,valid_visual_or_structural_error,ASSISTED_REVIEW: copied from auto-prefill (confidence=medium). Prediction points to a different object/category or wrong candidate id.
shared_l2_024,shared_l2_random,random,scene-0036_frame17::barrier3|barrier28|pedestrian8,scene-0036_frame17,barrier3|barrier28|pedestrian8,converge,242,57,"What barrier is to the front of barrier3 and to the back right of pedestrian8, and to the front right of ego, and to the front of barrier25?",barrier28,"The barrier in front of barrier3, to the back right of pedestrian8, and to the front right of ego is a traffic barrier.",E:\Project\ADVTEST\scratch\rq1_mplug_call1000\runs\mplug-four-methods-call1000\results\mosaics\scene-0036_frame17_mosaic.jpg,yes,valid_visual_or_structural_error,medium,Prediction points to a different object/category or wrong candidate id.,yes,valid_visual_or_structural_error,ASSISTED_REVIEW: copied from auto-prefill (confidence=medium). Prediction points to a different object/category or wrong candidate id.
shared_l2_025,shared_l2_advtest,advtest,scene-0018_frame39::pedestrian4|barrier8|pedestrian8,scene-0018_frame39,pedestrian4|barrier8|pedestrian8,converge,68,70,"What barrier is positioned to the front right of ego and also to the front right of pedestrian8, and to the back of pedestrian4?",barrier8,"A metal fence is positioned to the front right of ego and also to the front right of pedestrian8, and to the back of pedestrian4.",E:\Project\ADVTEST\scratch\rq1_mplug_call1000\runs\mplug-four-methods-call1000\results\mosaics\scene-0018_frame39_mosaic.jpg,yes,valid_visual_or_structural_error,medium,Prediction points to a different object/category or wrong candidate id.,yes,valid_visual_or_structural_error,ASSISTED_REVIEW: copied from auto-prefill (confidence=medium). Prediction points to a different object/category or wrong candidate id.
shared_l2_025,shared_l2_random,random,scene-0018_frame39::pedestrian4|barrier8|pedestrian8,scene-0018_frame39,pedestrian4|barrier8|pedestrian8,converge,73,70,"What barrier is positioned to the front right of ego and also to the front right of pedestrian8, and to the back of pedestrian4?",barrier8,"A metal fence is positioned to the front right of ego and also to the front right of pedestrian8, and to the back of pedestrian4.",E:\Project\ADVTEST\scratch\rq1_mplug_call1000\runs\mplug-four-methods-call1000\results\mosaics\scene-0018_frame39_mosaic.jpg,yes,valid_visual_or_structural_error,medium,Prediction points to a different object/category or wrong candidate id.,yes,valid_visual_or_structural_error,ASSISTED_REVIEW: copied from auto-prefill (confidence=medium). Prediction points to a different object/category or wrong candidate id.
shared_l2_026,shared_l2_advtest,advtest,scene-0036_frame19::barrier10|barrier12|barrier17,scene-0036_frame19,barrier10|barrier12|barrier17,converge,265,75,"Identify the barrier located to the front of barrier10 and to the front of truck1, and to the back left of barrier17, and to the front of ego.",barrier12,"The barrier is located to the front of barrier10 and to the front of truck1, and to the back left of barrier17, and to the front of ego.",E:\Project\ADVTEST\scratch\rq1_mplug_call1000\runs\mplug-four-methods-call1000\results\mosaics\scene-0036_frame19_mosaic.jpg,yes,valid_visual_or_structural_error,medium,Prediction points to a different object/category or wrong candidate id.,yes,valid_visual_or_structural_error,ASSISTED_REVIEW: copied from auto-prefill (confidence=medium). Prediction points to a different object/category or wrong candidate id.
shared_l2_026,shared_l2_random,random,scene-0036_frame19::barrier10|barrier12|barrier17,scene-0036_frame19,barrier10|barrier12|barrier17,converge,267,75,"Identify the barrier located to the front of barrier10 and to the front of truck1, and to the back left of barrier17, and to the front of ego.",barrier12,"The barrier is located to the front of barrier10 and to the front of truck1, and to the back left of barrier17, and to the front of ego.",E:\Project\ADVTEST\scratch\rq1_mplug_call1000\runs\mplug-four-methods-call1000\results\mosaics\scene-0036_frame19_mosaic.jpg,yes,valid_visual_or_structural_error,medium,Prediction points to a different object/category or wrong candidate id.,yes,valid_visual_or_structural_error,ASSISTED_REVIEW: copied from auto-prefill (confidence=medium). Prediction points to a different object/category or wrong candidate id.
shared_l2_027,shared_l2_advtest,advtest,scene-0104_frame20::car1|car6|car4,scene-0104_frame20,car1|car6|car4,converge,915,94,"Identify the car located to the back of car4 and to the back of motorcycle1, and to the back right of car1, and to the back of pedestrian7.",car6,"The car is located to the back of car4 and to the back of motorcycle1, and to the back right of car1, and to the back of pedestrian7.",E:\Project\ADVTEST\scratch\rq1_mplug_call1000\runs\mplug-four-methods-call1000\results\mosaics\scene-0104_frame20_mosaic.jpg,yes,valid_visual_or_structural_error,medium,Prediction points to a different object/category or wrong candidate id.,yes,valid_visual_or_structural_error,ASSISTED_REVIEW: copied from auto-prefill (confidence=medium). Prediction points to a different object/category or wrong candidate id.
shared_l2_027,shared_l2_random,random,scene-0104_frame20::car1|car6|car4,scene-0104_frame20,car1|car6|car4,converge,949,130,"Which car can be found to the back of car4 and to the back right of pedestrian3, and to the back right of car1, and to the back of pedestrian7?",car6,"The car that can be found to the back of car4 and to the back right of pedestrian3, and to the back right of car1, and to the back of pedestrian7 is car2.",E:\Project\ADVTEST\scratch\rq1_mplug_call1000\runs\mplug-four-methods-call1000\results\mosaics\scene-0104_frame20_mosaic.jpg,yes,valid_visual_or_structural_error,medium,Prediction points to a different object/category or wrong candidate id.,yes,valid_visual_or_structural_error,ASSISTED_REVIEW: copied from auto-prefill (confidence=medium). Prediction points to a different object/category or wrong candidate id.
shared_l2_028,shared_l2_advtest,advtest,scene-0035_frame39::car4|pedestrian2|ego,scene-0035_frame39,car4|pedestrian2|ego,converge,180,154,"Identify the pedestrian located to the front of car1 and to the back right of car4, and to the front of pedestrian1, and to the back of ego.",pedestrian2,"The pedestrian is located to the front of car1 and to the back right of car4, and to the front of pedestrian1, and to the back of ego.",E:\Project\ADVTEST\scratch\rq1_mplug_call1000\runs\mplug-four-methods-call1000\results\mosaics\scene-0035_frame39_mosaic.jpg,yes,valid_visual_or_structural_error,medium,Prediction points to a different object/category or wrong candidate id.,yes,valid_visual_or_structural_error,ASSISTED_REVIEW: copied from auto-prefill (confidence=medium). Prediction points to a different object/category or wrong candidate id.
shared_l2_028,shared_l2_random,random,scene-0035_frame39::car4|pedestrian2|ego,scene-0035_frame39,car4|pedestrian2|ego,converge,188,154,"Identify the pedestrian located to the front of car1 and to the back right of car4, and to the front of pedestrian1, and to the back of ego.",pedestrian2,"The pedestrian is located to the front of car1 and to the back right of car4, and to the front of pedestrian1, and to the back of ego.",E:\Project\ADVTEST\scratch\rq1_mplug_call1000\runs\mplug-four-methods-call1000\results\mosaics\scene-0035_frame39_mosaic.jpg,yes,valid_visual_or_structural_error,medium,Prediction points to a different object/category or wrong candidate id.,yes,valid_visual_or_structural_error,ASSISTED_REVIEW: copied from auto-prefill (confidence=medium). Prediction points to a different object/category or wrong candidate id.
shared_l2_029,shared_l2_advtest,advtest,scene-0092_frame39::barrier41|barrier37|barrier5,scene-0092_frame39,barrier41|barrier37|barrier5,converge,376,30,"What barrier is positioned to the front of barrier25 and also to the front left of pedestrian1, and to the back right of barrier41, and to the back of barrier5?",barrier37,"A barrier is positioned to the front of barrier25 and also to the front left of pedestrian1, and to the back right of barrier41, and to the back of barrier5.",E:\Project\ADVTEST\scratch\rq1_mplug_call1000\runs\mplug-four-methods-call1000\results\mosaics\scene-0092_frame39_mosaic.jpg,yes,valid_visual_or_structural_error,medium,Prediction points to a different object/category or wrong candidate id.,yes,valid_visual_or_structural_error,ASSISTED_REVIEW: copied from auto-prefill (confidence=medium). Prediction points to a different object/category or wrong candidate id.
shared_l2_029,shared_l2_random,random,scene-0092_frame39::barrier41|barrier37|barrier5,scene-0092_frame39,barrier41|barrier37|barrier5,converge,383,188,"What barrier is to the back of barrier8 and to the front left of pedestrian3, and to the back right of barrier41, and to the back of barrier5?",barrier37,"The barrier is to the back of barrier8 and to the front left of pedestrian3, and to the back right of barrier41, and to the back of barrier5.",E:\Project\ADVTEST\scratch\rq1_mplug_call1000\runs\mplug-four-methods-call1000\results\mosaics\scene-0092_frame39_mosaic.jpg,yes,valid_visual_or_structural_error,medium,Prediction points to a different object/category or wrong candidate id.,yes,valid_visual_or_structural_error,ASSISTED_REVIEW: copied from auto-prefill (confidence=medium). Prediction points to a different object/category or wrong candidate id.
shared_l2_030,shared_l2_advtest,advtest,scene-0036_frame17::barrier25|barrier28|pedestrian8,scene-0036_frame17,barrier25|barrier28|pedestrian8,converge,221,57,"What barrier is to the front of barrier3 and to the back right of pedestrian8, and to the front right of ego, and to the front of barrier25?",barrier28,"The barrier in front of barrier3, to the back right of pedestrian8, and to the front right of ego is a traffic barrier.",E:\Project\ADVTEST\scratch\rq1_mplug_call1000\runs\mplug-four-methods-call1000\results\mosaics\scene-0036_frame17_mosaic.jpg,yes,valid_visual_or_structural_error,medium,Prediction points to a different object/category or wrong candidate id.,yes,valid_visual_or_structural_error,ASSISTED_REVIEW: copied from auto-prefill (confidence=medium). Prediction points to a different object/category or wrong candidate id.
shared_l2_030,shared_l2_random,random,scene-0036_frame17::barrier25|barrier28|pedestrian8,scene-0036_frame17,barrier25|barrier28|pedestrian8,converge,242,57,"What barrier is to the front of barrier3 and to the back right of pedestrian8, and to the front right of ego, and to the front of barrier25?",barrier28,"The barrier in front of barrier3, to the back right of pedestrian8, and to the front right of ego is a traffic barrier.",E:\Project\ADVTEST\scratch\rq1_mplug_call1000\runs\mplug-four-methods-call1000\results\mosaics\scene-0036_frame17_mosaic.jpg,yes,valid_visual_or_structural_error,medium,Prediction points to a different object/category or wrong candidate id.,yes,valid_visual_or_structural_error,ASSISTED_REVIEW: copied from auto-prefill (confidence=medium). Prediction points to a different object/category or wrong candidate id.
shared_l2_031,shared_l2_advtest,advtest,scene-0018_frame39::car2|pedestrian8|pedestrian7,scene-0018_frame39,car2|pedestrian8|pedestrian7,converge,86,79,"Identify the pedestrian located to the front left of car2 and to the back of pedestrian6, and to the front left of pedestrian7.",pedestrian8,"The pedestrian is located to the front left of car2 and to the back of pedestrian6, and to the front left of pedestrian7.",E:\Project\ADVTEST\scratch\rq1_mplug_call1000\runs\mplug-four-methods-call1000\results\mosaics\scene-0018_frame39_mosaic.jpg,yes,valid_visual_or_structural_error,medium,Prediction points to a different object/category or wrong candidate id.,yes,valid_visual_or_structural_error,ASSISTED_REVIEW: copied from auto-prefill (confidence=medium). Prediction points to a different object/category or wrong candidate id.
shared_l2_031,shared_l2_random,random,scene-0018_frame39::car2|pedestrian8|pedestrian7,scene-0018_frame39,car2|pedestrian8|pedestrian7,converge,54,79,"Identify the pedestrian located to the front left of car2 and to the back of pedestrian6, and to the front left of pedestrian7.",pedestrian8,"The pedestrian is located to the front left of car2 and to the back of pedestrian6, and to the front left of pedestrian7.",E:\Project\ADVTEST\scratch\rq1_mplug_call1000\runs\mplug-four-methods-call1000\results\mosaics\scene-0018_frame39_mosaic.jpg,yes,valid_visual_or_structural_error,medium,Prediction points to a different object/category or wrong candidate id.,yes,valid_visual_or_structural_error,ASSISTED_REVIEW: copied from auto-prefill (confidence=medium). Prediction points to a different object/category or wrong candidate id.
shared_l2_032,shared_l2_advtest,advtest,scene-0018_frame39::car2|barrier4|ego,scene-0018_frame39,car2|barrier4|ego,converge,77,17,"What barrier is to the front of car2 and to the front right of ego, and to the front of barrier3?",barrier4,"There is a metal fence in front of car2 and to the front right of ego, and also in front of barrier3.",E:\Project\ADVTEST\scratch\rq1_mplug_call1000\runs\mplug-four-methods-call1000\results\mosaics\scene-0018_frame39_mosaic.jpg,yes,valid_visual_or_structural_error,medium,Prediction points to a different object/category or wrong candidate id.,yes,valid_visual_or_structural_error,ASSISTED_REVIEW: copied from auto-prefill (confidence=medium). Prediction points to a different object/category or wrong candidate id.
shared_l2_032,shared_l2_random,random,scene-0018_frame39::car2|barrier4|ego,scene-0018_frame39,car2|barrier4|ego,converge,93,17,"What barrier is to the front of car2 and to the front right of ego, and to the front of barrier3?",barrier4,"There is a metal fence in front of car2 and to the front right of ego, and also in front of barrier3.",E:\Project\ADVTEST\scratch\rq1_mplug_call1000\runs\mplug-four-methods-call1000\results\mosaics\scene-0018_frame39_mosaic.jpg,yes,valid_visual_or_structural_error,medium,Prediction points to a different object/category or wrong candidate id.,yes,valid_visual_or_structural_error,ASSISTED_REVIEW: copied from auto-prefill (confidence=medium). Prediction points to a different object/category or wrong candidate id.
shared_l2_033,shared_l2_advtest,advtest,scene-0092_frame20::car4|car7|car8,scene-0092_frame20,car4|car7|car8,converge,304,7,"What car is positioned to the front of car10 and also to the back of truck1, and to the back of car8, and to the front of car4?",car7,"The car positioned to the front of car10 and also to the back of truck1, and to the back of car8, and to the front of car4 is a white car.",E:\Project\ADVTEST\scratch\rq1_mplug_call1000\runs\mplug-four-methods-call1000\results\mosaics\scene-0092_frame20_mosaic.jpg,yes,valid_visual_or_structural_error,medium,Prediction points to a different object/category or wrong candidate id.,yes,valid_visual_or_structural_error,ASSISTED_REVIEW: copied from auto-prefill (confidence=medium). Prediction points to a different object/category or wrong candidate id.
shared_l2_033,shared_l2_random,random,scene-0092_frame20::car4|car7|car8,scene-0092_frame20,car4|car7|car8,converge,311,22,"Which car can be found to the front of car10 and to the front of car9, and to the back of car8, and to the front of car4?",car7,"The car that can be found to the front of car10 and to the front of car9, and to the back of car8, and to the front of car4 is a white truck.",E:\Project\ADVTEST\scratch\rq1_mplug_call1000\runs\mplug-four-methods-call1000\results\mosaics\scene-0092_frame20_mosaic.jpg,yes,valid_visual_or_structural_error,medium,Prediction points to a different object/category or wrong candidate id.,yes,valid_visual_or_structural_error,ASSISTED_REVIEW: copied from auto-prefill (confidence=medium). Prediction points to a different object/category or wrong candidate id.
shared_l2_034,shared_l2_advtest,advtest,scene-0097_frame12::barrier14|barrier10|barrier5,scene-0097_frame12,barrier14|barrier10|barrier5,converge,461,91,"Identify the barrier located to the front of barrier5 and to the front of barrier8, and to the back right of car11, and to the back of barrier22, and to the front of barrier14.",barrier10,The barrier located to the front of barrier5 and to the front of barrier8 is a white barrier.,E:\Project\ADVTEST\scratch\rq1_mplug_call1000\runs\mplug-four-methods-call1000\results\mosaics\scene-0097_frame12_mosaic.jpg,yes,valid_visual_or_structural_error,medium,Prediction points to a different object/category or wrong candidate id.,yes,valid_visual_or_structural_error,ASSISTED_REVIEW: copied from auto-prefill (confidence=medium). Prediction points to a different object/category or wrong candidate id.
shared_l2_034,shared_l2_random,random,scene-0097_frame12::barrier14|barrier10|barrier5,scene-0097_frame12,barrier14|barrier10|barrier5,converge,491,91,"Identify the barrier located to the front of barrier5 and to the front of barrier8, and to the back right of car11, and to the back of barrier22, and to the front of barrier14.",barrier10,The barrier located to the front of barrier5 and to the front of barrier8 is a white barrier.,E:\Project\ADVTEST\scratch\rq1_mplug_call1000\runs\mplug-four-methods-call1000\results\mosaics\scene-0097_frame12_mosaic.jpg,yes,valid_visual_or_structural_error,medium,Prediction points to a different object/category or wrong candidate id.,yes,valid_visual_or_structural_error,ASSISTED_REVIEW: copied from auto-prefill (confidence=medium). Prediction points to a different object/category or wrong candidate id.
shared_l2_035,shared_l2_advtest,advtest,scene-0102_frame39::car1|pedestrian2|pedestrian4,scene-0102_frame39,car1|pedestrian2|pedestrian4,converge,804,8,"What pedestrian is positioned to the front left of car1 and also to the back of car2, and to the back of pedestrian4, and to the front of pedestrian7?",pedestrian2,"The pedestrian is positioned to the front left of car1 and also to the back of car2, and to the back of pedestrian4, and to the front of pedestrian7.",E:\Project\ADVTEST\scratch\rq1_mplug_call1000\runs\mplug-four-methods-call1000\results\mosaics\scene-0102_frame39_mosaic.jpg,yes,valid_visual_or_structural_error,medium,Prediction points to a different object/category or wrong candidate id.,yes,valid_visual_or_structural_error,ASSISTED_REVIEW: copied from auto-prefill (confidence=medium). Prediction points to a different object/category or wrong candidate id.
shared_l2_035,shared_l2_random,random,scene-0102_frame39::car1|pedestrian2|pedestrian4,scene-0102_frame39,car1|pedestrian2|pedestrian4,converge,817,8,"What pedestrian is positioned to the front left of car1 and also to the back of car2, and to the back of pedestrian4, and to the front of pedestrian7?",pedestrian2,"The pedestrian is positioned to the front left of car1 and also to the back of car2, and to the back of pedestrian4, and to the front of pedestrian7.",E:\Project\ADVTEST\scratch\rq1_mplug_call1000\runs\mplug-four-methods-call1000\results\mosaics\scene-0102_frame39_mosaic.jpg,yes,valid_visual_or_structural_error,medium,Prediction points to a different object/category or wrong candidate id.,yes,valid_visual_or_structural_error,ASSISTED_REVIEW: copied from auto-prefill (confidence=medium). Prediction points to a different object/category or wrong candidate id.
shared_l2_036,shared_l2_advtest,advtest,scene-0097_frame12::barrier22|barrier10|barrier5,scene-0097_frame12,barrier22|barrier10|barrier5,converge,461,91,"Identify the barrier located to the front of barrier5 and to the front of barrier8, and to the back right of car11, and to the back of barrier22, and to the front of barrier14.",barrier10,The barrier located to the front of barrier5 and to the front of barrier8 is a white barrier.,E:\Project\ADVTEST\scratch\rq1_mplug_call1000\runs\mplug-four-methods-call1000\results\mosaics\scene-0097_frame12_mosaic.jpg,yes,valid_visual_or_structural_error,medium,Prediction points to a different object/category or wrong candidate id.,yes,valid_visual_or_structural_error,ASSISTED_REVIEW: copied from auto-prefill (confidence=medium). Prediction points to a different object/category or wrong candidate id.
shared_l2_036,shared_l2_random,random,scene-0097_frame12::barrier22|barrier10|barrier5,scene-0097_frame12,barrier22|barrier10|barrier5,converge,491,91,"Identify the barrier located to the front of barrier5 and to the front of barrier8, and to the back right of car11, and to the back of barrier22, and to the front of barrier14.",barrier10,The barrier located to the front of barrier5 and to the front of barrier8 is a white barrier.,E:\Project\ADVTEST\scratch\rq1_mplug_call1000\runs\mplug-four-methods-call1000\results\mosaics\scene-0097_frame12_mosaic.jpg,yes,valid_visual_or_structural_error,medium,Prediction points to a different object/category or wrong candidate id.,yes,valid_visual_or_structural_error,ASSISTED_REVIEW: copied from auto-prefill (confidence=medium). Prediction points to a different object/category or wrong candidate id.
shared_l2_037,shared_l2_advtest,advtest,scene-0102_frame39::car2|pedestrian4|pedestrian2,scene-0102_frame39,car2|pedestrian4|pedestrian2,converge,803,51,"There is a pedestrian to the back of car2 and to the back of pedestrian5, and to the front of pedestrian2, and to the back of pedestrian10; what is it?",pedestrian4,It is a traffic light.,E:\Project\ADVTEST\scratch\rq1_mplug_call1000\runs\mplug-four-methods-call1000\results\mosaics\scene-0102_frame39_mosaic.jpg,uncertain,other,low,Heuristic cannot confidently classify this failure; manual review required.,uncertain,other,ASSISTED_REVIEW: retained as uncertain because auto-prefill confidence is low. Heuristic cannot confidently classify this failure; manual review required.
shared_l2_037,shared_l2_random,random,scene-0102_frame39::car2|pedestrian4|pedestrian2,scene-0102_frame39,car2|pedestrian4|pedestrian2,converge,832,51,"There is a pedestrian to the back of car2 and to the back of pedestrian5, and to the front of pedestrian2, and to the back of pedestrian10; what is it?",pedestrian4,It is a traffic light.,E:\Project\ADVTEST\scratch\rq1_mplug_call1000\runs\mplug-four-methods-call1000\results\mosaics\scene-0102_frame39_mosaic.jpg,uncertain,other,low,Heuristic cannot confidently classify this failure; manual review required.,uncertain,other,ASSISTED_REVIEW: retained as uncertain because auto-prefill confidence is low. Heuristic cannot confidently classify this failure; manual review required.
shared_l2_038,shared_l2_advtest,advtest,scene-0092_frame20::car9|car10|pedestrian2,scene-0092_frame20,car9|car10|pedestrian2,converge,313,45,"There is a car to the back of pedestrian2 and to the back of truck2, and to the front of car9, and to the back of car4; what is it?",car10,The car is a white truck.,E:\Project\ADVTEST\scratch\rq1_mplug_call1000\runs\mplug-four-methods-call1000\results\mosaics\scene-0092_frame20_mosaic.jpg,no,answer_granularity_mismatch,medium,Prediction gives the object category/description but omits the required instance id.,no,answer_granularity_mismatch,ASSISTED_REVIEW: copied from auto-prefill (confidence=medium). Prediction gives the object category/description but omits the required instance id.
shared_l2_038,shared_l2_random,random,scene-0092_frame20::car9|car10|pedestrian2,scene-0092_frame20,car9|car10|pedestrian2,converge,301,135,"What car is to the back of car8 and to the back of pedestrian2, and to the front of car9, and to the back of car4?",car10,The car is a white truck.,E:\Project\ADVTEST\scratch\rq1_mplug_call1000\runs\mplug-four-methods-call1000\results\mosaics\scene-0092_frame20_mosaic.jpg,no,answer_granularity_mismatch,medium,Prediction gives the object category/description but omits the required instance id.,no,answer_granularity_mismatch,ASSISTED_REVIEW: copied from auto-prefill (confidence=medium). Prediction gives the object category/description but omits the required instance id.
shared_l2_039,shared_l2_advtest,advtest,scene-0102_frame39::pedestrian2|pedestrian4|pedestrian5,scene-0102_frame39,pedestrian2|pedestrian4|pedestrian5,converge,803,51,"There is a pedestrian to the back of car2 and to the back of pedestrian5, and to the front of pedestrian2, and to the back of pedestrian10; what is it?",pedestrian4,It is a traffic light.,E:\Project\ADVTEST\scratch\rq1_mplug_call1000\runs\mplug-four-methods-call1000\results\mosaics\scene-0102_frame39_mosaic.jpg,uncertain,other,low,Heuristic cannot confidently classify this failure; manual review required.,uncertain,other,ASSISTED_REVIEW: retained as uncertain because auto-prefill confidence is low. Heuristic cannot confidently classify this failure; manual review required.
shared_l2_039,shared_l2_random,random,scene-0102_frame39::pedestrian2|pedestrian4|pedestrian5,scene-0102_frame39,pedestrian2|pedestrian4|pedestrian5,converge,832,51,"There is a pedestrian to the back of car2 and to the back of pedestrian5, and to the front of pedestrian2, and to the back of pedestrian10; what is it?",pedestrian4,It is a traffic light.,E:\Project\ADVTEST\scratch\rq1_mplug_call1000\runs\mplug-four-methods-call1000\results\mosaics\scene-0102_frame39_mosaic.jpg,uncertain,other,low,Heuristic cannot confidently classify this failure; manual review required.,uncertain,other,ASSISTED_REVIEW: retained as uncertain because auto-prefill confidence is low. Heuristic cannot confidently classify this failure; manual review required.
shared_l2_040,shared_l2_advtest,advtest,scene-0099_frame35::barrier23|barrier16|barrier5,scene-0099_frame35,barrier23|barrier16|barrier5,converge,603,136,"Which barrier can be found to the back of barrier23 and to the front of bicycle1, and to the front of barrier5, and to the back of barrier15, and to the front right of motorcycle2?",barrier16,"The barrier that can be found to the back of barrier23 and to the front of bicycle1, and to the front of barrier5, and to the back of barrier15, and to the front right of",E:\Project\ADVTEST\scratch\rq1_mplug_call1000\runs\mplug-four-methods-call1000\results\mosaics\scene-0099_frame35_mosaic.jpg,yes,valid_visual_or_structural_error,medium,Prediction points to a different object/category or wrong candidate id.,yes,valid_visual_or_structural_error,ASSISTED_REVIEW: copied from auto-prefill (confidence=medium). Prediction points to a different object/category or wrong candidate id.
shared_l2_040,shared_l2_random,random,scene-0099_frame35::barrier23|barrier16|barrier5,scene-0099_frame35,barrier23|barrier16|barrier5,converge,620,136,"Which barrier can be found to the back of barrier23 and to the front of bicycle1, and to the front of barrier5, and to the back of barrier15, and to the front right of motorcycle2?",barrier16,"The barrier that can be found to the back of barrier23 and to the front of bicycle1, and to the front of barrier5, and to the back of barrier15, and to the front right of",E:\Project\ADVTEST\scratch\rq1_mplug_call1000\runs\mplug-four-methods-call1000\results\mosaics\scene-0099_frame35_mosaic.jpg,yes,valid_visual_or_structural_error,medium,Prediction points to a different object/category or wrong candidate id.,yes,valid_visual_or_structural_error,ASSISTED_REVIEW: copied from auto-prefill (confidence=medium). Prediction points to a different object/category or wrong candidate id.
shared_l2_041,shared_l2_advtest,advtest,scene-0097_frame37::car13|car4|pedestrian8,scene-0097_frame37,car13|car4|pedestrian8,converge,507,5,"Identify the car located to the back of car13 and to the back right of pedestrian8, and to the back of car6.",car4,"The car is located to the back of car13 and to the back right of pedestrian8, and to the back of car6.",E:\Project\ADVTEST\scratch\rq1_mplug_call1000\runs\mplug-four-methods-call1000\results\mosaics\scene-0097_frame37_mosaic.jpg,yes,valid_visual_or_structural_error,medium,Prediction points to a different object/category or wrong candidate id.,yes,valid_visual_or_structural_error,ASSISTED_REVIEW: copied from auto-prefill (confidence=medium). Prediction points to a different object/category or wrong candidate id.
shared_l2_041,shared_l2_random,random,scene-0097_frame37::car13|car4|pedestrian8,scene-0097_frame37,car13|car4|pedestrian8,converge,535,5,"Identify the car located to the back of car13 and to the back right of pedestrian8, and to the back of car6.",car4,"The car is located to the back of car13 and to the back right of pedestrian8, and to the back of car6.",E:\Project\ADVTEST\scratch\rq1_mplug_call1000\runs\mplug-four-methods-call1000\results\mosaics\scene-0097_frame37_mosaic.jpg,yes,valid_visual_or_structural_error,medium,Prediction points to a different object/category or wrong candidate id.,yes,valid_visual_or_structural_error,ASSISTED_REVIEW: copied from auto-prefill (confidence=medium). Prediction points to a different object/category or wrong candidate id.
shared_l2_042,shared_l2_advtest,advtest,scene-0036_frame19::barrier3|barrier11|pedestrian3,scene-0036_frame19,barrier3|barrier11|pedestrian3,converge,271,164,"Which barrier can be found to the back of barrier3 and to the back right of pedestrian3, and to the front left of barrier8, and to the back of barrier10?",barrier11,"The barrier that can be found to the back of barrier3 and to the back right of pedestrian3, and to the front left of barrier8, and to the back of barrier10 is a white barrier.",E:\Project\ADVTEST\scratch\rq1_mplug_call1000\runs\mplug-four-methods-call1000\results\mosaics\scene-0036_frame19_mosaic.jpg,yes,valid_visual_or_structural_error,medium,Prediction points to a different object/category or wrong candidate id.,yes,valid_visual_or_structural_error,ASSISTED_REVIEW: copied from auto-prefill (confidence=medium). Prediction points to a different object/category or wrong candidate id.
shared_l2_042,shared_l2_random,random,scene-0036_frame19::barrier3|barrier11|pedestrian3,scene-0036_frame19,barrier3|barrier11|pedestrian3,converge,274,164,"Which barrier can be found to the back of barrier3 and to the back right of pedestrian3, and to the front left of barrier8, and to the back of barrier10?",barrier11,"The barrier that can be found to the back of barrier3 and to the back right of pedestrian3, and to the front left of barrier8, and to the back of barrier10 is a white barrier.",E:\Project\ADVTEST\scratch\rq1_mplug_call1000\runs\mplug-four-methods-call1000\results\mosaics\scene-0036_frame19_mosaic.jpg,yes,valid_visual_or_structural_error,medium,Prediction points to a different object/category or wrong candidate id.,yes,valid_visual_or_structural_error,ASSISTED_REVIEW: copied from auto-prefill (confidence=medium). Prediction points to a different object/category or wrong candidate id.
shared_l2_043,shared_l2_advtest,advtest,scene-0103_frame25::car26|pedestrian13|pedestrian24,scene-0103_frame25,car26|pedestrian13|pedestrian24,converge,889,88,"What pedestrian is to the back of car33 and to the back of pedestrian24, and to the back of car26, and to the back right of pedestrian9?",pedestrian13,"The pedestrian is to the back of car33 and to the back of pedestrian24, and to the back of car26, and to the back right of pedestrian9.",E:\Project\ADVTEST\scratch\rq1_mplug_call1000\runs\mplug-four-methods-call1000\results\mosaics\scene-0103_frame25_mosaic.jpg,yes,valid_visual_or_structural_error,medium,Prediction points to a different object/category or wrong candidate id.,yes,valid_visual_or_structural_error,ASSISTED_REVIEW: copied from auto-prefill (confidence=medium). Prediction points to a different object/category or wrong candidate id.
shared_l2_043,shared_l2_random,random,scene-0103_frame25::car26|pedestrian13|pedestrian24,scene-0103_frame25,car26|pedestrian13|pedestrian24,converge,855,88,"What pedestrian is to the back of car33 and to the back of pedestrian24, and to the back of car26, and to the back right of pedestrian9?",pedestrian13,"The pedestrian is to the back of car33 and to the back of pedestrian24, and to the back of car26, and to the back right of pedestrian9.",E:\Project\ADVTEST\scratch\rq1_mplug_call1000\runs\mplug-four-methods-call1000\results\mosaics\scene-0103_frame25_mosaic.jpg,yes,valid_visual_or_structural_error,medium,Prediction points to a different object/category or wrong candidate id.,yes,valid_visual_or_structural_error,ASSISTED_REVIEW: copied from auto-prefill (confidence=medium). Prediction points to a different object/category or wrong candidate id.
shared_l2_044,shared_l2_advtest,advtest,scene-0101_frame25::barrier35|pedestrian3|pedestrian1,scene-0101_frame25,barrier35|pedestrian3|pedestrian1,converge,748,105,"Identify the pedestrian located to the front left of barrier30 and to the front left of barrier35, and to the front of pedestrian1, and to the back of pedestrian18.",pedestrian3,"The pedestrian is located to the front left of barrier30 and to the front left of barrier35, and to the front of pedestrian1, and to the back of pedestrian18.",E:\Project\ADVTEST\scratch\rq1_mplug_call1000\runs\mplug-four-methods-call1000\results\mosaics\scene-0101_frame25_mosaic.jpg,yes,valid_visual_or_structural_error,medium,Prediction points to a different object/category or wrong candidate id.,yes,valid_visual_or_structural_error,ASSISTED_REVIEW: copied from auto-prefill (confidence=medium). Prediction points to a different object/category or wrong candidate id.
shared_l2_044,shared_l2_random,random,scene-0101_frame25::barrier35|pedestrian3|pedestrian1,scene-0101_frame25,barrier35|pedestrian3|pedestrian1,converge,735,105,"Identify the pedestrian located to the front left of barrier30 and to the front left of barrier35, and to the front of pedestrian1, and to the back of pedestrian18.",pedestrian3,"The pedestrian is located to the front left of barrier30 and to the front left of barrier35, and to the front of pedestrian1, and to the back of pedestrian18.",E:\Project\ADVTEST\scratch\rq1_mplug_call1000\runs\mplug-four-methods-call1000\results\mosaics\scene-0101_frame25_mosaic.jpg,yes,valid_visual_or_structural_error,medium,Prediction points to a different object/category or wrong candidate id.,yes,valid_visual_or_structural_error,ASSISTED_REVIEW: copied from auto-prefill (confidence=medium). Prediction points to a different object/category or wrong candidate id.
shared_l2_045,shared_l2_advtest,advtest,scene-0036_frame17::barrier2|barrier10|barrier7,scene-0036_frame17,barrier2|barrier10|barrier7,converge,206,9,"What barrier is to the back left of barrier7 and to the back left of pedestrian10, and to the front left of barrier13, and to the back right of barrier2?",barrier10,"The barrier to the back left of barrier7 and to the back left of pedestrian10, and to the front left of barrier13, and to the back right of barrier2 is a construction barrier.",E:\Project\ADVTEST\scratch\rq1_mplug_call1000\runs\mplug-four-methods-call1000\results\mosaics\scene-0036_frame17_mosaic.jpg,yes,valid_visual_or_structural_error,medium,Prediction points to a different object/category or wrong candidate id.,yes,valid_visual_or_structural_error,ASSISTED_REVIEW: copied from auto-prefill (confidence=medium). Prediction points to a different object/category or wrong candidate id.
shared_l2_045,shared_l2_random,random,scene-0036_frame17::barrier2|barrier10|barrier7,scene-0036_frame17,barrier2|barrier10|barrier7,converge,238,9,"What barrier is to the back left of barrier7 and to the back left of pedestrian10, and to the front left of barrier13, and to the back right of barrier2?",barrier10,"The barrier to the back left of barrier7 and to the back left of pedestrian10, and to the front left of barrier13, and to the back right of barrier2 is a construction barrier.",E:\Project\ADVTEST\scratch\rq1_mplug_call1000\runs\mplug-four-methods-call1000\results\mosaics\scene-0036_frame17_mosaic.jpg,yes,valid_visual_or_structural_error,medium,Prediction points to a different object/category or wrong candidate id.,yes,valid_visual_or_structural_error,ASSISTED_REVIEW: copied from auto-prefill (confidence=medium). Prediction points to a different object/category or wrong candidate id.
shared_l2_046,shared_l2_advtest,advtest,scene-0036_frame17::barrier15|barrier11|barrier20,scene-0036_frame17,barrier15|barrier11|barrier20,converge,208,118,"What barrier is positioned to the back left of barrier20 and also to the back of truck1, and to the front right of barrier13, and to the back left of barrier15?",barrier11,"A barrier is positioned to the back left of barrier20 and also to the back of truck1, and to the front right of barrier13, and to the back left of barrier15.",E:\Project\ADVTEST\scratch\rq1_mplug_call1000\runs\mplug-four-methods-call1000\results\mosaics\scene-0036_frame17_mosaic.jpg,yes,valid_visual_or_structural_error,medium,Prediction points to a different object/category or wrong candidate id.,yes,valid_visual_or_structural_error,ASSISTED_REVIEW: copied from auto-prefill (confidence=medium). Prediction points to a different object/category or wrong candidate id.
shared_l2_046,shared_l2_random,random,scene-0036_frame17::barrier15|barrier11|barrier20,scene-0036_frame17,barrier15|barrier11|barrier20,converge,207,118,"What barrier is positioned to the back left of barrier20 and also to the back of truck1, and to the front right of barrier13, and to the back left of barrier15?",barrier11,"A barrier is positioned to the back left of barrier20 and also to the back of truck1, and to the front right of barrier13, and to the back left of barrier15.",E:\Project\ADVTEST\scratch\rq1_mplug_call1000\runs\mplug-four-methods-call1000\results\mosaics\scene-0036_frame17_mosaic.jpg,yes,valid_visual_or_structural_error,medium,Prediction points to a different object/category or wrong candidate id.,yes,valid_visual_or_structural_error,ASSISTED_REVIEW: copied from auto-prefill (confidence=medium). Prediction points to a different object/category or wrong candidate id.
shared_l2_047,shared_l2_advtest,advtest,scene-0098_frame15::car8|car6|ego,scene-0098_frame15,car8|car6|ego,converge,589,20,"Identify the car located to the front of car2 and to the front of ego, and to the front of car8.",car6,"The car located to the front of car2 and to the front of ego, and to the front of car8 is a black car.",E:\Project\ADVTEST\scratch\rq1_mplug_call1000\runs\mplug-four-methods-call1000\results\mosaics\scene-0098_frame15_mosaic.jpg,yes,valid_visual_or_structural_error,medium,Prediction points to a different object/category or wrong candidate id.,yes,valid_visual_or_structural_error,ASSISTED_REVIEW: copied from auto-prefill (confidence=medium). Prediction points to a different object/category or wrong candidate id.
shared_l2_047,shared_l2_random,random,scene-0098_frame15::car8|car6|ego,scene-0098_frame15,car8|car6|ego,converge,560,20,"Identify the car located to the front of car2 and to the front of ego, and to the front of car8.",car6,"The car located to the front of car2 and to the front of ego, and to the front of car8 is a black car.",E:\Project\ADVTEST\scratch\rq1_mplug_call1000\runs\mplug-four-methods-call1000\results\mosaics\scene-0098_frame15_mosaic.jpg,yes,valid_visual_or_structural_error,medium,Prediction points to a different object/category or wrong candidate id.,yes,valid_visual_or_structural_error,ASSISTED_REVIEW: copied from auto-prefill (confidence=medium). Prediction points to a different object/category or wrong candidate id.
shared_l2_048,shared_l2_advtest,advtest,scene-0102_frame31::pedestrian3|pedestrian16|pedestrian34,scene-0102_frame31,pedestrian3|pedestrian16|pedestrian34,converge,759,37,"What pedestrian is to the front left of pedestrian26 and to the front of pedestrian34, and to the back of pedestrian3, and to the back left of ego?",pedestrian16,"Pedestrian26 is to the front left of pedestrian34, and to the front of pedestrian3, and to the back of pedestrian1, and to the back left of ego.",E:\Project\ADVTEST\scratch\rq1_mplug_call1000\runs\mplug-four-methods-call1000\results\mosaics\scene-0102_frame31_mosaic.jpg,yes,valid_visual_or_structural_error,medium,Prediction points to a different object/category or wrong candidate id.,yes,valid_visual_or_structural_error,ASSISTED_REVIEW: copied from auto-prefill (confidence=medium). Prediction points to a different object/category or wrong candidate id.
shared_l2_048,shared_l2_random,random,scene-0102_frame31::pedestrian3|pedestrian16|pedestrian34,scene-0102_frame31,pedestrian3|pedestrian16|pedestrian34,converge,759,37,"What pedestrian is to the front left of pedestrian26 and to the front of pedestrian34, and to the back of pedestrian3, and to the back left of ego?",pedestrian16,"Pedestrian26 is to the front left of pedestrian34, and to the front of pedestrian3, and to the back of pedestrian1, and to the back left of ego.",E:\Project\ADVTEST\scratch\rq1_mplug_call1000\runs\mplug-four-methods-call1000\results\mosaics\scene-0102_frame31_mosaic.jpg,yes,valid_visual_or_structural_error,medium,Prediction points to a different object/category or wrong candidate id.,yes,valid_visual_or_structural_error,ASSISTED_REVIEW: copied from auto-prefill (confidence=medium). Prediction points to a different object/category or wrong candidate id.
shared_l2_049,shared_l2_advtest,advtest,scene-0036_frame17::pedestrian2|pedestrian11|pedestrian9,scene-0036_frame17,pedestrian2|pedestrian11|pedestrian9,converge,215,69,"There is a pedestrian to the back of barrier13 and to the back of truck2, and to the front of pedestrian2, and to the back of pedestrian9; what is it?",pedestrian11,It is a pedestrian.,E:\Project\ADVTEST\scratch\rq1_mplug_call1000\runs\mplug-four-methods-call1000\results\mosaics\scene-0036_frame17_mosaic.jpg,no,answer_granularity_mismatch,medium,Prediction gives the object category/description but omits the required instance id.,no,answer_granularity_mismatch,ASSISTED_REVIEW: copied from auto-prefill (confidence=medium). Prediction gives the object category/description but omits the required instance id.
shared_l2_049,shared_l2_random,random,scene-0036_frame17::pedestrian2|pedestrian11|pedestrian9,scene-0036_frame17,pedestrian2|pedestrian11|pedestrian9,converge,245,69,"There is a pedestrian to the back of barrier13 and to the back of truck2, and to the front of pedestrian2, and to the back of pedestrian9; what is it?",pedestrian11,It is a pedestrian.,E:\Project\ADVTEST\scratch\rq1_mplug_call1000\runs\mplug-four-methods-call1000\results\mosaics\scene-0036_frame17_mosaic.jpg,no,answer_granularity_mismatch,medium,Prediction gives the object category/description but omits the required instance id.,no,answer_granularity_mismatch,ASSISTED_REVIEW: copied from auto-prefill (confidence=medium). Prediction gives the object category/description but omits the required instance id.
shared_l2_050,shared_l2_advtest,advtest,scene-0099_frame8::car11|car1|car7,scene-0099_frame8,car11|car1|car7,converge,698,54,"What car is positioned to the back of barrier11 and also to the back of car7, and to the front of car11, and to the back of car15?",car1,"The car positioned to the back of barrier11 and also to the back of car7, and to the front of car11, and to the back of car15 is a black car.",E:\Project\ADVTEST\scratch\rq1_mplug_call1000\runs\mplug-four-methods-call1000\results\mosaics\scene-0099_frame8_mosaic.jpg,no,lexical_scoring_artifact,medium,Prediction appears to contain the expected instance id.,no,lexical_scoring_artifact,ASSISTED_REVIEW: copied from auto-prefill (confidence=medium). Prediction appears to contain the expected instance id.
shared_l2_050,shared_l2_random,random,scene-0099_frame8::car11|car1|car7,scene-0099_frame8,car11|car1|car7,converge,697,54,"What car is positioned to the back of barrier11 and also to the back of car7, and to the front of car11, and to the back of car15?",car1,"The car positioned to the back of barrier11 and also to the back of car7, and to the front of car11, and to the back of car15 is a black car.",E:\Project\ADVTEST\scratch\rq1_mplug_call1000\runs\mplug-four-methods-call1000\results\mosaics\scene-0099_frame8_mosaic.jpg,no,lexical_scoring_artifact,medium,Prediction appears to contain the expected instance id.,no,lexical_scoring_artifact,ASSISTED_REVIEW: copied from auto-prefill (confidence=medium). Prediction appears to contain the expected instance id.
shared_l2_051,shared_l2_advtest,advtest,scene-0101_frame25::barrier2|barrier47|car6,scene-0101_frame25,barrier2|barrier47|car6,converge,701,7,"Identify the barrier located to the front right of car10 and to the front of car6, and to the back left of barrier2, and to the front of barrier37, and to the back of barrier25.",barrier47,"The barrier is located to the front right of car10 and to the front of car6, and to the back left of barrier2, and to the front of barrier37, and to the back of barrier25",E:\Project\ADVTEST\scratch\rq1_mplug_call1000\runs\mplug-four-methods-call1000\results\mosaics\scene-0101_frame25_mosaic.jpg,yes,valid_visual_or_structural_error,medium,Prediction points to a different object/category or wrong candidate id.,yes,valid_visual_or_structural_error,ASSISTED_REVIEW: copied from auto-prefill (confidence=medium). Prediction points to a different object/category or wrong candidate id.
shared_l2_051,shared_l2_random,random,scene-0101_frame25::barrier2|barrier47|car6,scene-0101_frame25,barrier2|barrier47|car6,converge,717,7,"Identify the barrier located to the front right of car10 and to the front of car6, and to the back left of barrier2, and to the front of barrier37, and to the back of barrier25.",barrier47,"The barrier is located to the front right of car10 and to the front of car6, and to the back left of barrier2, and to the front of barrier37, and to the back of barrier25",E:\Project\ADVTEST\scratch\rq1_mplug_call1000\runs\mplug-four-methods-call1000\results\mosaics\scene-0101_frame25_mosaic.jpg,yes,valid_visual_or_structural_error,medium,Prediction points to a different object/category or wrong candidate id.,yes,valid_visual_or_structural_error,ASSISTED_REVIEW: copied from auto-prefill (confidence=medium). Prediction points to a different object/category or wrong candidate id.
shared_l2_052,shared_l2_advtest,advtest,scene-0097_frame12::car2|barrier11|car5,scene-0097_frame12,car2|barrier11|car5,converge,476,71,"Which barrier can be found to the front of barrier5 and to the back of car2, and to the back right of car5, and to the back of barrier7?",barrier11,"The barrier in front of barrier5 and to the back of car2, and to the back right of car5, and to the back of barrier7 is a guardrail.",E:\Project\ADVTEST\scratch\rq1_mplug_call1000\runs\mplug-four-methods-call1000\results\mosaics\scene-0097_frame12_mosaic.jpg,yes,valid_visual_or_structural_error,medium,Prediction points to a different object/category or wrong candidate id.,yes,valid_visual_or_structural_error,ASSISTED_REVIEW: copied from auto-prefill (confidence=medium). Prediction points to a different object/category or wrong candidate id.
shared_l2_052,shared_l2_random,random,scene-0097_frame12::car2|barrier11|car5,scene-0097_frame12,car2|barrier11|car5,converge,463,71,"Which barrier can be found to the front of barrier5 and to the back of car2, and to the back right of car5, and to the back of barrier7?",barrier11,"The barrier in front of barrier5 and to the back of car2, and to the back right of car5, and to the back of barrier7 is a guardrail.",E:\Project\ADVTEST\scratch\rq1_mplug_call1000\runs\mplug-four-methods-call1000\results\mosaics\scene-0097_frame12_mosaic.jpg,yes,valid_visual_or_structural_error,medium,Prediction points to a different object/category or wrong candidate id.,yes,valid_visual_or_structural_error,ASSISTED_REVIEW: copied from auto-prefill (confidence=medium). Prediction points to a different object/category or wrong candidate id.
shared_l2_053,shared_l2_advtest,advtest,scene-0102_frame31::ego|pedestrian34|pedestrian11,scene-0102_frame31,ego|pedestrian34|pedestrian11,converge,788,41,"There is a pedestrian to the back left of car1 and to the back of ego, and to the back right of pedestrian11; what is it?",pedestrian34,It is a bridge.,E:\Project\ADVTEST\scratch\rq1_mplug_call1000\runs\mplug-four-methods-call1000\results\mosaics\scene-0102_frame31_mosaic.jpg,uncertain,other,low,Heuristic cannot confidently classify this failure; manual review required.,uncertain,other,ASSISTED_REVIEW: retained as uncertain because auto-prefill confidence is low. Heuristic cannot confidently classify this failure; manual review required.
shared_l2_053,shared_l2_random,random,scene-0102_frame31::ego|pedestrian34|pedestrian11,scene-0102_frame31,ego|pedestrian34|pedestrian11,converge,797,41,"There is a pedestrian to the back left of car1 and to the back of ego, and to the back right of pedestrian11; what is it?",pedestrian34,It is a bridge.,E:\Project\ADVTEST\scratch\rq1_mplug_call1000\runs\mplug-four-methods-call1000\results\mosaics\scene-0102_frame31_mosaic.jpg,uncertain,other,low,Heuristic cannot confidently classify this failure; manual review required.,uncertain,other,ASSISTED_REVIEW: retained as uncertain because auto-prefill confidence is low. Heuristic cannot confidently classify this failure; manual review required.
shared_l2_054,shared_l2_advtest,advtest,scene-0104_frame3::car3|car2|ego,scene-0104_frame3,car3|car2|ego,converge,964,69,"Which car can be found to the front of car7 and to the front of ego, and to the front left of car20, and to the back of car3?",car2,"The car that can be found to the front of car7 and to the front of ego, and to the front left of car20, and to the back of car3 is a white van.",E:\Project\ADVTEST\scratch\rq1_mplug_call1000\runs\mplug-four-methods-call1000\results\mosaics\scene-0104_frame3_mosaic.jpg,no,lexical_scoring_artifact,medium,Prediction appears to contain the expected instance id.,no,lexical_scoring_artifact,ASSISTED_REVIEW: copied from auto-prefill (confidence=medium). Prediction appears to contain the expected instance id.
shared_l2_054,shared_l2_random,random,scene-0104_frame3::car3|car2|ego,scene-0104_frame3,car3|car2|ego,converge,968,69,"Which car can be found to the front of car7 and to the front of ego, and to the front left of car20, and to the back of car3?",car2,"The car that can be found to the front of car7 and to the front of ego, and to the front left of car20, and to the back of car3 is a white van.",E:\Project\ADVTEST\scratch\rq1_mplug_call1000\runs\mplug-four-methods-call1000\results\mosaics\scene-0104_frame3_mosaic.jpg,no,lexical_scoring_artifact,medium,Prediction appears to contain the expected instance id.,no,lexical_scoring_artifact,ASSISTED_REVIEW: copied from auto-prefill (confidence=medium). Prediction appears to contain the expected instance id.
shared_l2_055,shared_l2_advtest,advtest,scene-0099_frame8::car12|car3|car8,scene-0099_frame8,car12|car3|car8,converge,651,12,"Identify the car located to the front of car20 and to the front of car8, and to the back left of truck1, and to the back of car12, and to the front of car7.",car3,"The car is located to the front of car20 and to the front of car8, and to the back left of truck1, and to the back of car12, and to the front of car7.",E:\Project\ADVTEST\scratch\rq1_mplug_call1000\runs\mplug-four-methods-call1000\results\mosaics\scene-0099_frame8_mosaic.jpg,yes,valid_visual_or_structural_error,medium,Prediction points to a different object/category or wrong candidate id.,yes,valid_visual_or_structural_error,ASSISTED_REVIEW: copied from auto-prefill (confidence=medium). Prediction points to a different object/category or wrong candidate id.
shared_l2_055,shared_l2_random,random,scene-0099_frame8::car12|car3|car8,scene-0099_frame8,car12|car3|car8,converge,676,12,"Identify the car located to the front of car20 and to the front of car8, and to the back left of truck1, and to the back of car12, and to the front of car7.",car3,"The car is located to the front of car20 and to the front of car8, and to the back left of truck1, and to the back of car12, and to the front of car7.",E:\Project\ADVTEST\scratch\rq1_mplug_call1000\runs\mplug-four-methods-call1000\results\mosaics\scene-0099_frame8_mosaic.jpg,yes,valid_visual_or_structural_error,medium,Prediction points to a different object/category or wrong candidate id.,yes,valid_visual_or_structural_error,ASSISTED_REVIEW: copied from auto-prefill (confidence=medium). Prediction points to a different object/category or wrong candidate id.
shared_l2_056,shared_l2_advtest,advtest,scene-0036_frame17::pedestrian2|pedestrian11|truck2,scene-0036_frame17,pedestrian2|pedestrian11|truck2,converge,215,69,"There is a pedestrian to the back of barrier13 and to the back of truck2, and to the front of pedestrian2, and to the back of pedestrian9; what is it?",pedestrian11,It is a pedestrian.,E:\Project\ADVTEST\scratch\rq1_mplug_call1000\runs\mplug-four-methods-call1000\results\mosaics\scene-0036_frame17_mosaic.jpg,no,answer_granularity_mismatch,medium,Prediction gives the object category/description but omits the required instance id.,no,answer_granularity_mismatch,ASSISTED_REVIEW: copied from auto-prefill (confidence=medium). Prediction gives the object category/description but omits the required instance id.
shared_l2_056,shared_l2_random,random,scene-0036_frame17::pedestrian2|pedestrian11|truck2,scene-0036_frame17,pedestrian2|pedestrian11|truck2,converge,245,69,"There is a pedestrian to the back of barrier13 and to the back of truck2, and to the front of pedestrian2, and to the back of pedestrian9; what is it?",pedestrian11,It is a pedestrian.,E:\Project\ADVTEST\scratch\rq1_mplug_call1000\runs\mplug-four-methods-call1000\results\mosaics\scene-0036_frame17_mosaic.jpg,no,answer_granularity_mismatch,medium,Prediction gives the object category/description but omits the required instance id.,no,answer_granularity_mismatch,ASSISTED_REVIEW: copied from auto-prefill (confidence=medium). Prediction gives the object category/description but omits the required instance id.
shared_l2_057,shared_l2_advtest,advtest,scene-0097_frame12::barrier11|barrier15|barrier12,scene-0097_frame12,barrier11|barrier15|barrier12,converge,465,150,"Identify the barrier located to the back of barrier7 and to the back of car6, and to the front of barrier12, and to the back of barrier11.",barrier15,The barrier located to the back of barrier7 and to the back of car6 is the barrier12.,E:\Project\ADVTEST\scratch\rq1_mplug_call1000\runs\mplug-four-methods-call1000\results\mosaics\scene-0097_frame12_mosaic.jpg,yes,valid_visual_or_structural_error,medium,Prediction points to a different object/category or wrong candidate id.,yes,valid_visual_or_structural_error,ASSISTED_REVIEW: copied from auto-prefill (confidence=medium). Prediction points to a different object/category or wrong candidate id.
shared_l2_057,shared_l2_random,random,scene-0097_frame12::barrier11|barrier15|barrier12,scene-0097_frame12,barrier11|barrier15|barrier12,converge,485,21,"Which barrier can be found to the back of barrier2 and to the back of car2, and to the front of barrier12, and to the back of barrier11?",barrier15,"The barrier that can be found to the back of barrier2 and to the back of car2, and to the front of barrier12, and to the back of barrier11 is a white barrier.",E:\Project\ADVTEST\scratch\rq1_mplug_call1000\runs\mplug-four-methods-call1000\results\mosaics\scene-0097_frame12_mosaic.jpg,yes,valid_visual_or_structural_error,medium,Prediction points to a different object/category or wrong candidate id.,yes,valid_visual_or_structural_error,ASSISTED_REVIEW: copied from auto-prefill (confidence=medium). Prediction points to a different object/category or wrong candidate id.
shared_l2_058,shared_l2_advtest,advtest,scene-0103_frame25::car25|car5|pedestrian14,scene-0103_frame25,car25|car5|pedestrian14,converge,862,37,"What car is positioned to the front of pedestrian13 and also to the front of pedestrian14, and to the front right of car25, and to the back right of car34?",car5,"The car positioned to the front of pedestrian13 and also to the front of pedestrian14, and to the front right of car25, and to the back right of car34 is a white car.",E:\Project\ADVTEST\scratch\rq1_mplug_call1000\runs\mplug-four-methods-call1000\results\mosaics\scene-0103_frame25_mosaic.jpg,yes,valid_visual_or_structural_error,medium,Prediction points to a different object/category or wrong candidate id.,yes,valid_visual_or_structural_error,ASSISTED_REVIEW: copied from auto-prefill (confidence=medium). Prediction points to a different object/category or wrong candidate id.
shared_l2_058,shared_l2_random,random,scene-0103_frame25::car25|car5|pedestrian14,scene-0103_frame25,car25|car5|pedestrian14,converge,873,37,"What car is positioned to the front of pedestrian13 and also to the front of pedestrian14, and to the front right of car25, and to the back right of car34?",car5,"The car positioned to the front of pedestrian13 and also to the front of pedestrian14, and to the front right of car25, and to the back right of car34 is a white car.",E:\Project\ADVTEST\scratch\rq1_mplug_call1000\runs\mplug-four-methods-call1000\results\mosaics\scene-0103_frame25_mosaic.jpg,yes,valid_visual_or_structural_error,medium,Prediction points to a different object/category or wrong candidate id.,yes,valid_visual_or_structural_error,ASSISTED_REVIEW: copied from auto-prefill (confidence=medium). Prediction points to a different object/category or wrong candidate id.
shared_l2_059,shared_l2_advtest,advtest,scene-0018_frame39::barrier2|barrier3|barrier8,scene-0018_frame39,barrier2|barrier3|barrier8,converge,59,71,"Identify the barrier located to the front of barrier2 and to the front right of pedestrian14, and to the back of barrier4, and to the front of barrier8.",barrier3,The barrier located to the front of barrier2 and to the front right of pedestrian14 is a metal fence.,E:\Project\ADVTEST\scratch\rq1_mplug_call1000\runs\mplug-four-methods-call1000\results\mosaics\scene-0018_frame39_mosaic.jpg,yes,valid_visual_or_structural_error,medium,Prediction points to a different object/category or wrong candidate id.,yes,valid_visual_or_structural_error,ASSISTED_REVIEW: copied from auto-prefill (confidence=medium). Prediction points to a different object/category or wrong candidate id.
shared_l2_059,shared_l2_random,random,scene-0018_frame39::barrier2|barrier3|barrier8,scene-0018_frame39,barrier2|barrier3|barrier8,converge,53,71,"Identify the barrier located to the front of barrier2 and to the front right of pedestrian14, and to the back of barrier4, and to the front of barrier8.",barrier3,The barrier located to the front of barrier2 and to the front right of pedestrian14 is a metal fence.,E:\Project\ADVTEST\scratch\rq1_mplug_call1000\runs\mplug-four-methods-call1000\results\mosaics\scene-0018_frame39_mosaic.jpg,yes,valid_visual_or_structural_error,medium,Prediction points to a different object/category or wrong candidate id.,yes,valid_visual_or_structural_error,ASSISTED_REVIEW: copied from auto-prefill (confidence=medium). Prediction points to a different object/category or wrong candidate id.
shared_l2_060,shared_l2_advtest,advtest,scene-0102_frame39::car2|pedestrian7|pedestrian4,scene-0102_frame39,car2|pedestrian7|pedestrian4,converge,839,18,"There is a pedestrian to the back of car2 and to the back of pedestrian4, and to the back of pedestrian2; what is it?",pedestrian7,It is a traffic light.,E:\Project\ADVTEST\scratch\rq1_mplug_call1000\runs\mplug-four-methods-call1000\results\mosaics\scene-0102_frame39_mosaic.jpg,uncertain,other,low,Heuristic cannot confidently classify this failure; manual review required.,uncertain,other,ASSISTED_REVIEW: retained as uncertain because auto-prefill confidence is low. Heuristic cannot confidently classify this failure; manual review required.
shared_l2_060,shared_l2_random,random,scene-0102_frame39::car2|pedestrian7|pedestrian4,scene-0102_frame39,car2|pedestrian7|pedestrian4,converge,833,18,"There is a pedestrian to the back of car2 and to the back of pedestrian4, and to the back of pedestrian2; what is it?",pedestrian7,It is a traffic light.,E:\Project\ADVTEST\scratch\rq1_mplug_call1000\runs\mplug-four-methods-call1000\results\mosaics\scene-0102_frame39_mosaic.jpg,uncertain,other,low,Heuristic cannot confidently classify this failure; manual review required.,uncertain,other,ASSISTED_REVIEW: retained as uncertain because auto-prefill confidence is low. Heuristic cannot confidently classify this failure; manual review required.
shared_l2_061,shared_l2_advtest,advtest,scene-0099_frame35::barrier7|barrier10|car15,scene-0099_frame35,barrier7|barrier10|car15,converge,609,107,"There is a barrier to the back of barrier15 and to the back of car15, and to the front right of barrier17, and to the front of barrier7, and to the back of barrier8; what is it?",barrier10,It is a construction barrier.,E:\Project\ADVTEST\scratch\rq1_mplug_call1000\runs\mplug-four-methods-call1000\results\mosaics\scene-0099_frame35_mosaic.jpg,no,answer_granularity_mismatch,medium,Prediction gives the object category/description but omits the required instance id.,no,answer_granularity_mismatch,ASSISTED_REVIEW: copied from auto-prefill (confidence=medium). Prediction gives the object category/description but omits the required instance id.
shared_l2_061,shared_l2_random,random,scene-0099_frame35::barrier7|barrier10|car15,scene-0099_frame35,barrier7|barrier10|car15,converge,617,107,"There is a barrier to the back of barrier15 and to the back of car15, and to the front right of barrier17, and to the front of barrier7, and to the back of barrier8; what is it?",barrier10,It is a construction barrier.,E:\Project\ADVTEST\scratch\rq1_mplug_call1000\runs\mplug-four-methods-call1000\results\mosaics\scene-0099_frame35_mosaic.jpg,no,answer_granularity_mismatch,medium,Prediction gives the object category/description but omits the required instance id.,no,answer_granularity_mismatch,ASSISTED_REVIEW: copied from auto-prefill (confidence=medium). Prediction gives the object category/description but omits the required instance id.
shared_l2_062,shared_l2_advtest,advtest,scene-0104_frame20::pedestrian22|pedestrian4|pedestrian24,scene-0104_frame20,pedestrian22|pedestrian4|pedestrian24,converge,914,45,"What pedestrian is to the back of pedestrian24 and to the back of pedestrian25, and to the front of pedestrian22, and to the back of pedestrian18?",pedestrian4,Pedestrian24,E:\Project\ADVTEST\scratch\rq1_mplug_call1000\runs\mplug-four-methods-call1000\results\mosaics\scene-0104_frame20_mosaic.jpg,yes,valid_visual_or_structural_error,medium,Prediction points to a different object/category or wrong candidate id.,yes,valid_visual_or_structural_error,ASSISTED_REVIEW: copied from auto-prefill (confidence=medium). Prediction points to a different object/category or wrong candidate id.
shared_l2_062,shared_l2_random,random,scene-0104_frame20::pedestrian22|pedestrian4|pedestrian24,scene-0104_frame20,pedestrian22|pedestrian4|pedestrian24,converge,917,45,"What pedestrian is to the back of pedestrian24 and to the back of pedestrian25, and to the front of pedestrian22, and to the back of pedestrian18?",pedestrian4,Pedestrian24,E:\Project\ADVTEST\scratch\rq1_mplug_call1000\runs\mplug-four-methods-call1000\results\mosaics\scene-0104_frame20_mosaic.jpg,yes,valid_visual_or_structural_error,medium,Prediction points to a different object/category or wrong candidate id.,yes,valid_visual_or_structural_error,ASSISTED_REVIEW: copied from auto-prefill (confidence=medium). Prediction points to a different object/category or wrong candidate id.
shared_l2_063,shared_l2_advtest,advtest,scene-0099_frame35::barrier11|barrier2|pedestrian2,scene-0099_frame35,barrier11|barrier2|pedestrian2,converge,649,80,"Which barrier can be found to the back right of motorcycle1 and to the back of pedestrian2, and to the back of barrier11, and to the front of barrier13?",barrier2,"The barrier that can be found to the back right of motorcycle1 and to the back of pedestrian2, and to the back of barrier11, and to the front of barrier13 is a construction barrier.",E:\Project\ADVTEST\scratch\rq1_mplug_call1000\runs\mplug-four-methods-call1000\results\mosaics\scene-0099_frame35_mosaic.jpg,yes,valid_visual_or_structural_error,medium,Prediction points to a different object/category or wrong candidate id.,yes,valid_visual_or_structural_error,ASSISTED_REVIEW: copied from auto-prefill (confidence=medium). Prediction points to a different object/category or wrong candidate id.
shared_l2_063,shared_l2_random,random,scene-0099_frame35::barrier11|barrier2|pedestrian2,scene-0099_frame35,barrier11|barrier2|pedestrian2,converge,649,80,"Which barrier can be found to the back right of motorcycle1 and to the back of pedestrian2, and to the back of barrier11, and to the front of barrier13?",barrier2,"The barrier that can be found to the back right of motorcycle1 and to the back of pedestrian2, and to the back of barrier11, and to the front of barrier13 is a construction barrier.",E:\Project\ADVTEST\scratch\rq1_mplug_call1000\runs\mplug-four-methods-call1000\results\mosaics\scene-0099_frame35_mosaic.jpg,yes,valid_visual_or_structural_error,medium,Prediction points to a different object/category or wrong candidate id.,yes,valid_visual_or_structural_error,ASSISTED_REVIEW: copied from auto-prefill (confidence=medium). Prediction points to a different object/category or wrong candidate id.
shared_l2_064,shared_l2_advtest,advtest,scene-0036_frame19::barrier10|barrier12|truck1,scene-0036_frame19,barrier10|barrier12|truck1,converge,265,75,"Identify the barrier located to the front of barrier10 and to the front of truck1, and to the back left of barrier17, and to the front of ego.",barrier12,"The barrier is located to the front of barrier10 and to the front of truck1, and to the back left of barrier17, and to the front of ego.",E:\Project\ADVTEST\scratch\rq1_mplug_call1000\runs\mplug-four-methods-call1000\results\mosaics\scene-0036_frame19_mosaic.jpg,yes,valid_visual_or_structural_error,medium,Prediction points to a different object/category or wrong candidate id.,yes,valid_visual_or_structural_error,ASSISTED_REVIEW: copied from auto-prefill (confidence=medium). Prediction points to a different object/category or wrong candidate id.
shared_l2_064,shared_l2_random,random,scene-0036_frame19::barrier10|barrier12|truck1,scene-0036_frame19,barrier10|barrier12|truck1,converge,267,75,"Identify the barrier located to the front of barrier10 and to the front of truck1, and to the back left of barrier17, and to the front of ego.",barrier12,"The barrier is located to the front of barrier10 and to the front of truck1, and to the back left of barrier17, and to the front of ego.",E:\Project\ADVTEST\scratch\rq1_mplug_call1000\runs\mplug-four-methods-call1000\results\mosaics\scene-0036_frame19_mosaic.jpg,yes,valid_visual_or_structural_error,medium,Prediction points to a different object/category or wrong candidate id.,yes,valid_visual_or_structural_error,ASSISTED_REVIEW: copied from auto-prefill (confidence=medium). Prediction points to a different object/category or wrong candidate id.
shared_l2_065,shared_l2_advtest,advtest,scene-0092_frame39::barrier2|barrier20|barrier8,scene-0092_frame39,barrier2|barrier20|barrier8,converge,391,55,"There is a barrier to the front of barrier18 and to the front of barrier5, and to the front right of barrier2, and to the front of barrier8; what is it?",barrier20,It is a metal fence.,E:\Project\ADVTEST\scratch\rq1_mplug_call1000\runs\mplug-four-methods-call1000\results\mosaics\scene-0092_frame39_mosaic.jpg,uncertain,other,low,Heuristic cannot confidently classify this failure; manual review required.,uncertain,other,ASSISTED_REVIEW: retained as uncertain because auto-prefill confidence is low. Heuristic cannot confidently classify this failure; manual review required.
shared_l2_065,shared_l2_random,random,scene-0092_frame39::barrier2|barrier20|barrier8,scene-0092_frame39,barrier2|barrier20|barrier8,converge,363,55,"There is a barrier to the front of barrier18 and to the front of barrier5, and to the front right of barrier2, and to the front of barrier8; what is it?",barrier20,It is a metal fence.,E:\Project\ADVTEST\scratch\rq1_mplug_call1000\runs\mplug-four-methods-call1000\results\mosaics\scene-0092_frame39_mosaic.jpg,uncertain,other,low,Heuristic cannot confidently classify this failure; manual review required.,uncertain,other,ASSISTED_REVIEW: retained as uncertain because auto-prefill confidence is low. Heuristic cannot confidently classify this failure; manual review required.
shared_l2_066,shared_l2_advtest,advtest,scene-0036_frame17::barrier20|barrier11|truck1,scene-0036_frame17,barrier20|barrier11|truck1,converge,208,118,"What barrier is positioned to the back left of barrier20 and also to the back of truck1, and to the front right of barrier13, and to the back left of barrier15?",barrier11,"A barrier is positioned to the back left of barrier20 and also to the back of truck1, and to the front right of barrier13, and to the back left of barrier15.",E:\Project\ADVTEST\scratch\rq1_mplug_call1000\runs\mplug-four-methods-call1000\results\mosaics\scene-0036_frame17_mosaic.jpg,yes,valid_visual_or_structural_error,medium,Prediction points to a different object/category or wrong candidate id.,yes,valid_visual_or_structural_error,ASSISTED_REVIEW: copied from auto-prefill (confidence=medium). Prediction points to a different object/category or wrong candidate id.
shared_l2_066,shared_l2_random,random,scene-0036_frame17::barrier20|barrier11|truck1,scene-0036_frame17,barrier20|barrier11|truck1,converge,207,118,"What barrier is positioned to the back left of barrier20 and also to the back of truck1, and to the front right of barrier13, and to the back left of barrier15?",barrier11,"A barrier is positioned to the back left of barrier20 and also to the back of truck1, and to the front right of barrier13, and to the back left of barrier15.",E:\Project\ADVTEST\scratch\rq1_mplug_call1000\runs\mplug-four-methods-call1000\results\mosaics\scene-0036_frame17_mosaic.jpg,yes,valid_visual_or_structural_error,medium,Prediction points to a different object/category or wrong candidate id.,yes,valid_visual_or_structural_error,ASSISTED_REVIEW: copied from auto-prefill (confidence=medium). Prediction points to a different object/category or wrong candidate id.
shared_l2_067,shared_l2_advtest,advtest,scene-0036_frame17::barrier25|barrier13|barrier27,scene-0036_frame17,barrier25|barrier13|barrier27,converge,210,7,"Which barrier can be found to the back of barrier25 and to the back right of pedestrian12, and to the back left of pedestrian10, and to the back of barrier27?",barrier13,"The barrier that can be found to the back of barrier25 and to the back right of pedestrian12, and to the back left of pedestrian10, and to the back of barrier27 is a",E:\Project\ADVTEST\scratch\rq1_mplug_call1000\runs\mplug-four-methods-call1000\results\mosaics\scene-0036_frame17_mosaic.jpg,yes,valid_visual_or_structural_error,medium,Prediction points to a different object/category or wrong candidate id.,yes,valid_visual_or_structural_error,ASSISTED_REVIEW: copied from auto-prefill (confidence=medium). Prediction points to a different object/category or wrong candidate id.
shared_l2_067,shared_l2_random,random,scene-0036_frame17::barrier25|barrier13|barrier27,scene-0036_frame17,barrier25|barrier13|barrier27,converge,239,7,"Which barrier can be found to the back of barrier25 and to the back right of pedestrian12, and to the back left of pedestrian10, and to the back of barrier27?",barrier13,"The barrier that can be found to the back of barrier25 and to the back right of pedestrian12, and to the back left of pedestrian10, and to the back of barrier27 is a",E:\Project\ADVTEST\scratch\rq1_mplug_call1000\runs\mplug-four-methods-call1000\results\mosaics\scene-0036_frame17_mosaic.jpg,yes,valid_visual_or_structural_error,medium,Prediction points to a different object/category or wrong candidate id.,yes,valid_visual_or_structural_error,ASSISTED_REVIEW: copied from auto-prefill (confidence=medium). Prediction points to a different object/category or wrong candidate id.
shared_l2_068,shared_l2_advtest,advtest,scene-0101_frame25::barrier32|barrier16|barrier5,scene-0101_frame25,barrier32|barrier16|barrier5,converge,734,154,"There is a barrier to the back of barrier32 and to the front of barrier5, and to the front right of ego, and to the back of barrier46; what is it?",barrier16,It is a construction barrier.,E:\Project\ADVTEST\scratch\rq1_mplug_call1000\runs\mplug-four-methods-call1000\results\mosaics\scene-0101_frame25_mosaic.jpg,no,answer_granularity_mismatch,medium,Prediction gives the object category/description but omits the required instance id.,no,answer_granularity_mismatch,ASSISTED_REVIEW: copied from auto-prefill (confidence=medium). Prediction gives the object category/description but omits the required instance id.
shared_l2_068,shared_l2_random,random,scene-0101_frame25::barrier32|barrier16|barrier5,scene-0101_frame25,barrier32|barrier16|barrier5,converge,716,154,"There is a barrier to the back of barrier32 and to the front of barrier5, and to the front right of ego, and to the back of barrier46; what is it?",barrier16,It is a construction barrier.,E:\Project\ADVTEST\scratch\rq1_mplug_call1000\runs\mplug-four-methods-call1000\results\mosaics\scene-0101_frame25_mosaic.jpg,no,answer_granularity_mismatch,medium,Prediction gives the object category/description but omits the required instance id.,no,answer_granularity_mismatch,ASSISTED_REVIEW: copied from auto-prefill (confidence=medium). Prediction gives the object category/description but omits the required instance id.
shared_l2_069,shared_l2_advtest,advtest,scene-0103_frame25::car20|car34|pedestrian24,scene-0103_frame25,car20|car34|pedestrian24,converge,894,177,"What car is positioned to the front of car25 and also to the front of pedestrian24, and to the front of car20, and to the back of car27?",car34,"The car positioned to the front of car25, car20, and pedestrian24 is a white car.",E:\Project\ADVTEST\scratch\rq1_mplug_call1000\runs\mplug-four-methods-call1000\results\mosaics\scene-0103_frame25_mosaic.jpg,yes,valid_visual_or_structural_error,medium,Prediction points to a different object/category or wrong candidate id.,yes,valid_visual_or_structural_error,ASSISTED_REVIEW: copied from auto-prefill (confidence=medium). Prediction points to a different object/category or wrong candidate id.
shared_l2_069,shared_l2_random,random,scene-0103_frame25::car20|car34|pedestrian24,scene-0103_frame25,car20|car34|pedestrian24,converge,884,177,"What car is positioned to the front of car25 and also to the front of pedestrian24, and to the front of car20, and to the back of car27?",car34,"The car positioned to the front of car25, car20, and pedestrian24 is a white car.",E:\Project\ADVTEST\scratch\rq1_mplug_call1000\runs\mplug-four-methods-call1000\results\mosaics\scene-0103_frame25_mosaic.jpg,yes,valid_visual_or_structural_error,medium,Prediction points to a different object/category or wrong candidate id.,yes,valid_visual_or_structural_error,ASSISTED_REVIEW: copied from auto-prefill (confidence=medium). Prediction points to a different object/category or wrong candidate id.
shared_l2_070,shared_l2_advtest,advtest,scene-0099_frame35::barrier21|barrier7|car1,scene-0099_frame35,barrier21|barrier7|car1,converge,608,20,"What barrier is positioned to the back of barrier18 and also to the back right of trailer1, and to the back right of ego, and to the front of barrier21, and to the front right of car1?",barrier7,"A barrier is positioned to the back of barrier18 and also to the back right of trailer1, and to the back right of ego, and to the front of barrier21, and to the front right of",E:\Project\ADVTEST\scratch\rq1_mplug_call1000\runs\mplug-four-methods-call1000\results\mosaics\scene-0099_frame35_mosaic.jpg,yes,valid_visual_or_structural_error,medium,Prediction points to a different object/category or wrong candidate id.,yes,valid_visual_or_structural_error,ASSISTED_REVIEW: copied from auto-prefill (confidence=medium). Prediction points to a different object/category or wrong candidate id.
shared_l2_070,shared_l2_random,random,scene-0099_frame35::barrier21|barrier7|car1,scene-0099_frame35,barrier21|barrier7|car1,converge,633,20,"What barrier is positioned to the back of barrier18 and also to the back right of trailer1, and to the back right of ego, and to the front of barrier21, and to the front right of car1?",barrier7,"A barrier is positioned to the back of barrier18 and also to the back right of trailer1, and to the back right of ego, and to the front of barrier21, and to the front right of",E:\Project\ADVTEST\scratch\rq1_mplug_call1000\runs\mplug-four-methods-call1000\results\mosaics\scene-0099_frame35_mosaic.jpg,yes,valid_visual_or_structural_error,medium,Prediction points to a different object/category or wrong candidate id.,yes,valid_visual_or_structural_error,ASSISTED_REVIEW: copied from auto-prefill (confidence=medium). Prediction points to a different object/category or wrong candidate id.
shared_l2_071,shared_l2_advtest,advtest,scene-0035_frame39::bus1|pedestrian4|car2,scene-0035_frame39,bus1|pedestrian4|car2,converge,187,69,"What pedestrian is to the back of bus1 and to the back right of car4, and to the front right of car2?",pedestrian4,"The pedestrian is to the back of bus 1 and to the back right of car 4, and to the front right of car 2.",E:\Project\ADVTEST\scratch\rq1_mplug_call1000\runs\mplug-four-methods-call1000\results\mosaics\scene-0035_frame39_mosaic.jpg,yes,valid_visual_or_structural_error,medium,Prediction points to a different object/category or wrong candidate id.,yes,valid_visual_or_structural_error,ASSISTED_REVIEW: copied from auto-prefill (confidence=medium). Prediction points to a different object/category or wrong candidate id.
shared_l2_071,shared_l2_random,random,scene-0035_frame39::bus1|pedestrian4|car2,scene-0035_frame39,bus1|pedestrian4|car2,converge,158,69,"What pedestrian is to the back of bus1 and to the back right of car4, and to the front right of car2?",pedestrian4,"The pedestrian is to the back of bus 1 and to the back right of car 4, and to the front right of car 2.",E:\Project\ADVTEST\scratch\rq1_mplug_call1000\runs\mplug-four-methods-call1000\results\mosaics\scene-0035_frame39_mosaic.jpg,yes,valid_visual_or_structural_error,medium,Prediction points to a different object/category or wrong candidate id.,yes,valid_visual_or_structural_error,ASSISTED_REVIEW: copied from auto-prefill (confidence=medium). Prediction points to a different object/category or wrong candidate id.
shared_l2_072,shared_l2_advtest,advtest,scene-0099_frame8::car2|car8|car9,scene-0099_frame8,car2|car8|car9,converge,682,156,"What car is to the back left of car16 and to the back of pedestrian2, and to the back of car2, and to the front left of car9?",car8,"The car is to the back left of car16 and to the back of pedestrian2, and to the back of car2, and to the front left of car9.",E:\Project\ADVTEST\scratch\rq1_mplug_call1000\runs\mplug-four-methods-call1000\results\mosaics\scene-0099_frame8_mosaic.jpg,yes,valid_visual_or_structural_error,medium,Prediction points to a different object/category or wrong candidate id.,yes,valid_visual_or_structural_error,ASSISTED_REVIEW: copied from auto-prefill (confidence=medium). Prediction points to a different object/category or wrong candidate id.
shared_l2_072,shared_l2_random,random,scene-0099_frame8::car2|car8|car9,scene-0099_frame8,car2|car8|car9,converge,695,156,"What car is to the back left of car16 and to the back of pedestrian2, and to the back of car2, and to the front left of car9?",car8,"The car is to the back left of car16 and to the back of pedestrian2, and to the back of car2, and to the front left of car9.",E:\Project\ADVTEST\scratch\rq1_mplug_call1000\runs\mplug-four-methods-call1000\results\mosaics\scene-0099_frame8_mosaic.jpg,yes,valid_visual_or_structural_error,medium,Prediction points to a different object/category or wrong candidate id.,yes,valid_visual_or_structural_error,ASSISTED_REVIEW: copied from auto-prefill (confidence=medium). Prediction points to a different object/category or wrong candidate id.
shared_l2_073,shared_l2_advtest,advtest,scene-0104_frame3::car14|car4|car7,scene-0104_frame3,car14|car4|car7,converge,980,101,"What car is to the back right of car14 and to the back of car22, and to the front of car7, and to the back of car12?",car4,"The car to the back right of car14 and to the back of car22, and to the front of car7, and to the back of car12 is a white van.",E:\Project\ADVTEST\scratch\rq1_mplug_call1000\runs\mplug-four-methods-call1000\results\mosaics\scene-0104_frame3_mosaic.jpg,yes,valid_visual_or_structural_error,medium,Prediction points to a different object/category or wrong candidate id.,yes,valid_visual_or_structural_error,ASSISTED_REVIEW: copied from auto-prefill (confidence=medium). Prediction points to a different object/category or wrong candidate id.
shared_l2_073,shared_l2_random,random,scene-0104_frame3::car14|car4|car7,scene-0104_frame3,car14|car4|car7,converge,959,101,"What car is to the back right of car14 and to the back of car22, and to the front of car7, and to the back of car12?",car4,"The car to the back right of car14 and to the back of car22, and to the front of car7, and to the back of car12 is a white van.",E:\Project\ADVTEST\scratch\rq1_mplug_call1000\runs\mplug-four-methods-call1000\results\mosaics\scene-0104_frame3_mosaic.jpg,yes,valid_visual_or_structural_error,medium,Prediction points to a different object/category or wrong candidate id.,yes,valid_visual_or_structural_error,ASSISTED_REVIEW: copied from auto-prefill (confidence=medium). Prediction points to a different object/category or wrong candidate id.
shared_l2_074,shared_l2_advtest,advtest,scene-0104_frame3::car15|car6|pedestrian8,scene-0104_frame3,car15|car6|pedestrian8,converge,970,38,"There is a car to the back of car20 and to the back of pedestrian8, and to the front left of car9, and to the front right of car15; what is it?",car6,The car in question is a white van.,E:\Project\ADVTEST\scratch\rq1_mplug_call1000\runs\mplug-four-methods-call1000\results\mosaics\scene-0104_frame3_mosaic.jpg,no,answer_granularity_mismatch,medium,Prediction gives the object category/description but omits the required instance id.,no,answer_granularity_mismatch,ASSISTED_REVIEW: copied from auto-prefill (confidence=medium). Prediction gives the object category/description but omits the required instance id.
shared_l2_074,shared_l2_random,random,scene-0104_frame3::car15|car6|pedestrian8,scene-0104_frame3,car15|car6|pedestrian8,converge,976,38,"There is a car to the back of car20 and to the back of pedestrian8, and to the front left of car9, and to the front right of car15; what is it?",car6,The car in question is a white van.,E:\Project\ADVTEST\scratch\rq1_mplug_call1000\runs\mplug-four-methods-call1000\results\mosaics\scene-0104_frame3_mosaic.jpg,no,answer_granularity_mismatch,medium,Prediction gives the object category/description but omits the required instance id.,no,answer_granularity_mismatch,ASSISTED_REVIEW: copied from auto-prefill (confidence=medium). Prediction gives the object category/description but omits the required instance id.
shared_l2_075,shared_l2_advtest,advtest,scene-0035_frame14::car9|car7|ego,scene-0035_frame14,car9|car7|ego,converge,105,173,"Identify the car located to the front of car14 and to the front of car8, and to the front left of ego, and to the front of car9.",car7,"The car is located to the front of car14 and to the front of car8, and to the front left of ego, and to the front of car9.",E:\Project\ADVTEST\scratch\rq1_mplug_call1000\runs\mplug-four-methods-call1000\results\mosaics\scene-0035_frame14_mosaic.jpg,yes,valid_visual_or_structural_error,medium,Prediction points to a different object/category or wrong candidate id.,yes,valid_visual_or_structural_error,ASSISTED_REVIEW: copied from auto-prefill (confidence=medium). Prediction points to a different object/category or wrong candidate id.
shared_l2_075,shared_l2_random,random,scene-0035_frame14::car9|car7|ego,scene-0035_frame14,car9|car7|ego,converge,138,78,"Which car can be found to the front left of ego and to the front right of truck1, and to the front of car9?",car7,"The car can be found to the front left of ego and to the front right of truck1, and to the front of car9.",E:\Project\ADVTEST\scratch\rq1_mplug_call1000\runs\mplug-four-methods-call1000\results\mosaics\scene-0035_frame14_mosaic.jpg,yes,valid_visual_or_structural_error,medium,Prediction points to a different object/category or wrong candidate id.,yes,valid_visual_or_structural_error,ASSISTED_REVIEW: copied from auto-prefill (confidence=medium). Prediction points to a different object/category or wrong candidate id.
shared_l2_076,shared_l2_advtest,advtest,scene-0102_frame39::car1|pedestrian5|ego,scene-0102_frame39,car1|pedestrian5|ego,converge,808,37,"What pedestrian is to the front of car1 and to the front of pedestrian7, and to the front left of ego?",pedestrian5,"The pedestrian is to the front of car1 and to the front of pedestrian7, and to the front left of ego.",E:\Project\ADVTEST\scratch\rq1_mplug_call1000\runs\mplug-four-methods-call1000\results\mosaics\scene-0102_frame39_mosaic.jpg,yes,valid_visual_or_structural_error,medium,Prediction points to a different object/category or wrong candidate id.,yes,valid_visual_or_structural_error,ASSISTED_REVIEW: copied from auto-prefill (confidence=medium). Prediction points to a different object/category or wrong candidate id.
shared_l2_076,shared_l2_random,random,scene-0102_frame39::car1|pedestrian5|ego,scene-0102_frame39,car1|pedestrian5|ego,converge,849,37,"What pedestrian is to the front of car1 and to the front of pedestrian7, and to the front left of ego?",pedestrian5,"The pedestrian is to the front of car1 and to the front of pedestrian7, and to the front left of ego.",E:\Project\ADVTEST\scratch\rq1_mplug_call1000\runs\mplug-four-methods-call1000\results\mosaics\scene-0102_frame39_mosaic.jpg,yes,valid_visual_or_structural_error,medium,Prediction points to a different object/category or wrong candidate id.,yes,valid_visual_or_structural_error,ASSISTED_REVIEW: copied from auto-prefill (confidence=medium). Prediction points to a different object/category or wrong candidate id.
shared_l2_077,shared_l2_advtest,advtest,scene-0097_frame12::barrier21|barrier22|car2,scene-0097_frame12,barrier21|barrier22|car2,converge,453,37,"What barrier is to the front of barrier3 and to the front right of pedestrian4, and to the front right of car2, and to the back of barrier21, and to the front right of pedestrian2?",barrier22,"The barrier in front of barrier3 and to the front right of pedestrian4, and to the front right of car2, and to the back of barrier21, and to the front right of pedestrian2 is",E:\Project\ADVTEST\scratch\rq1_mplug_call1000\runs\mplug-four-methods-call1000\results\mosaics\scene-0097_frame12_mosaic.jpg,yes,valid_visual_or_structural_error,medium,Prediction points to a different object/category or wrong candidate id.,yes,valid_visual_or_structural_error,ASSISTED_REVIEW: copied from auto-prefill (confidence=medium). Prediction points to a different object/category or wrong candidate id.
shared_l2_077,shared_l2_random,random,scene-0097_frame12::barrier21|barrier22|car2,scene-0097_frame12,barrier21|barrier22|car2,converge,489,117,"There is a barrier to the front of barrier12 and to the front of barrier8, and to the front right of car2, and to the back of barrier21, and to the front right of pedestrian2; what is it?",barrier22,It is a traffic barrier.,E:\Project\ADVTEST\scratch\rq1_mplug_call1000\runs\mplug-four-methods-call1000\results\mosaics\scene-0097_frame12_mosaic.jpg,no,answer_granularity_mismatch,medium,Prediction gives the object category/description but omits the required instance id.,no,answer_granularity_mismatch,ASSISTED_REVIEW: copied from auto-prefill (confidence=medium). Prediction gives the object category/description but omits the required instance id.
shared_l2_078,shared_l2_advtest,advtest,scene-0103_frame25::car27|pedestrian3|pedestrian13,scene-0103_frame25,car27|pedestrian3|pedestrian13,converge,900,192,"Identify the pedestrian located to the back of car27 and to the back of pedestrian11, and to the front right of pedestrian13, and to the back left of pedestrian14.",pedestrian3,"The pedestrian is located to the back of car27 and to the back of pedestrian11, and to the front right of pedestrian13, and to the back left of pedestrian14.",E:\Project\ADVTEST\scratch\rq1_mplug_call1000\runs\mplug-four-methods-call1000\results\mosaics\scene-0103_frame25_mosaic.jpg,yes,valid_visual_or_structural_error,medium,Prediction points to a different object/category or wrong candidate id.,yes,valid_visual_or_structural_error,ASSISTED_REVIEW: copied from auto-prefill (confidence=medium). Prediction points to a different object/category or wrong candidate id.
shared_l2_078,shared_l2_random,random,scene-0103_frame25::car27|pedestrian3|pedestrian13,scene-0103_frame25,car27|pedestrian3|pedestrian13,converge,863,192,"Identify the pedestrian located to the back of car27 and to the back of pedestrian11, and to the front right of pedestrian13, and to the back left of pedestrian14.",pedestrian3,"The pedestrian is located to the back of car27 and to the back of pedestrian11, and to the front right of pedestrian13, and to the back left of pedestrian14.",E:\Project\ADVTEST\scratch\rq1_mplug_call1000\runs\mplug-four-methods-call1000\results\mosaics\scene-0103_frame25_mosaic.jpg,yes,valid_visual_or_structural_error,medium,Prediction points to a different object/category or wrong candidate id.,yes,valid_visual_or_structural_error,ASSISTED_REVIEW: copied from auto-prefill (confidence=medium). Prediction points to a different object/category or wrong candidate id.
shared_l2_079,shared_l2_advtest,advtest,scene-0092_frame20::pedestrian2|truck3|truck2,scene-0092_frame20,pedestrian2|truck3|truck2,converge,323,57,"There is a truck to the front of ego and to the front of pedestrian2, and to the front left of truck2; what is it?",truck3,The truck in the image is a white truck.,E:\Project\ADVTEST\scratch\rq1_mplug_call1000\runs\mplug-four-methods-call1000\results\mosaics\scene-0092_frame20_mosaic.jpg,no,answer_granularity_mismatch,medium,Prediction gives the object category/description but omits the required instance id.,no,answer_granularity_mismatch,ASSISTED_REVIEW: copied from auto-prefill (confidence=medium). Prediction gives the object category/description but omits the required instance id.
shared_l2_079,shared_l2_random,random,scene-0092_frame20::pedestrian2|truck3|truck2,scene-0092_frame20,pedestrian2|truck3|truck2,converge,340,117,"What truck is to the front of car9 and to the front of pedestrian2, and to the front left of truck2?",truck3,"The truck that is to the front of car9 and to the front of pedestrian2, and to the front left of truck2 is a white truck.",E:\Project\ADVTEST\scratch\rq1_mplug_call1000\runs\mplug-four-methods-call1000\results\mosaics\scene-0092_frame20_mosaic.jpg,yes,valid_visual_or_structural_error,medium,Prediction points to a different object/category or wrong candidate id.,yes,valid_visual_or_structural_error,ASSISTED_REVIEW: copied from auto-prefill (confidence=medium). Prediction points to a different object/category or wrong candidate id.
shared_l2_080,shared_l2_advtest,advtest,scene-0104_frame20::car3|car6|pedestrian7,scene-0104_frame20,car3|car6|pedestrian7,converge,903,56,"What car is to the back of car10 and to the back right of car3, and to the back right of car1, and to the back of pedestrian7?",car6,"The car is to the back of car10 and to the back right of car3, and to the back right of car1, and to the back of pedestrian7.",E:\Project\ADVTEST\scratch\rq1_mplug_call1000\runs\mplug-four-methods-call1000\results\mosaics\scene-0104_frame20_mosaic.jpg,yes,valid_visual_or_structural_error,medium,Prediction points to a different object/category or wrong candidate id.,yes,valid_visual_or_structural_error,ASSISTED_REVIEW: copied from auto-prefill (confidence=medium). Prediction points to a different object/category or wrong candidate id.
shared_l2_080,shared_l2_random,random,scene-0104_frame20::car3|car6|pedestrian7,scene-0104_frame20,car3|car6|pedestrian7,converge,920,56,"What car is to the back of car10 and to the back right of car3, and to the back right of car1, and to the back of pedestrian7?",car6,"The car is to the back of car10 and to the back right of car3, and to the back right of car1, and to the back of pedestrian7.",E:\Project\ADVTEST\scratch\rq1_mplug_call1000\runs\mplug-four-methods-call1000\results\mosaics\scene-0104_frame20_mosaic.jpg,yes,valid_visual_or_structural_error,medium,Prediction points to a different object/category or wrong candidate id.,yes,valid_visual_or_structural_error,ASSISTED_REVIEW: copied from auto-prefill (confidence=medium). Prediction points to a different object/category or wrong candidate id.
shared_l2_081,shared_l2_advtest,advtest,scene-0094_frame7::car11|ego|car12,scene-0094_frame7,car11|ego|car12,converge,435,35,Which ego can be found to the front of car11 and to the back right of car12?,ego,The front of car11 and the back right of car12 can be seen in the image.,E:\Project\ADVTEST\scratch\rq1_mplug_call1000\runs\mplug-four-methods-call1000\results\mosaics\scene-0094_frame7_mosaic.jpg,uncertain,other,low,Heuristic cannot confidently classify this failure; manual review required.,uncertain,other,ASSISTED_REVIEW: retained as uncertain because auto-prefill confidence is low. Heuristic cannot confidently classify this failure; manual review required.
shared_l2_081,shared_l2_random,random,scene-0094_frame7::car11|ego|car12,scene-0094_frame7,car11|ego|car12,converge,423,35,Which ego can be found to the front of car11 and to the back right of car12?,ego,The front of car11 and the back right of car12 can be seen in the image.,E:\Project\ADVTEST\scratch\rq1_mplug_call1000\runs\mplug-four-methods-call1000\results\mosaics\scene-0094_frame7_mosaic.jpg,uncertain,other,low,Heuristic cannot confidently classify this failure; manual review required.,uncertain,other,ASSISTED_REVIEW: retained as uncertain because auto-prefill confidence is low. Heuristic cannot confidently classify this failure; manual review required.
shared_l2_082,shared_l2_advtest,advtest,scene-0099_frame8::car20|car15|car8,scene-0099_frame8,car20|car15|car8,converge,695,191,"What car is to the front of car20 and to the back of truck1, and to the back left of car22, and to the back of car8?",car15,"The car is to the front of car20 and to the back of truck1, and to the back left of car22, and to the back of car8.",E:\Project\ADVTEST\scratch\rq1_mplug_call1000\runs\mplug-four-methods-call1000\results\mosaics\scene-0099_frame8_mosaic.jpg,yes,valid_visual_or_structural_error,medium,Prediction points to a different object/category or wrong candidate id.,yes,valid_visual_or_structural_error,ASSISTED_REVIEW: copied from auto-prefill (confidence=medium). Prediction points to a different object/category or wrong candidate id.
shared_l2_082,shared_l2_random,random,scene-0099_frame8::car20|car15|car8,scene-0099_frame8,car20|car15|car8,converge,673,191,"What car is to the front of car20 and to the back of truck1, and to the back left of car22, and to the back of car8?",car15,"The car is to the front of car20 and to the back of truck1, and to the back left of car22, and to the back of car8.",E:\Project\ADVTEST\scratch\rq1_mplug_call1000\runs\mplug-four-methods-call1000\results\mosaics\scene-0099_frame8_mosaic.jpg,yes,valid_visual_or_structural_error,medium,Prediction points to a different object/category or wrong candidate id.,yes,valid_visual_or_structural_error,ASSISTED_REVIEW: copied from auto-prefill (confidence=medium). Prediction points to a different object/category or wrong candidate id.
shared_l2_083,shared_l2_advtest,advtest,scene-0102_frame31::car3|car1|ego,scene-0102_frame31,car3|car1|ego,converge,769,177,"Which car can be found to the back of ego and to the back of pedestrian28, and to the front of car3?",car1,"The car that can be found to the back of ego and to the back of pedestrian28, and to the front of car3 is a white car.",E:\Project\ADVTEST\scratch\rq1_mplug_call1000\runs\mplug-four-methods-call1000\results\mosaics\scene-0102_frame31_mosaic.jpg,yes,valid_visual_or_structural_error,medium,Prediction points to a different object/category or wrong candidate id.,yes,valid_visual_or_structural_error,ASSISTED_REVIEW: copied from auto-prefill (confidence=medium). Prediction points to a different object/category or wrong candidate id.
shared_l2_083,shared_l2_random,random,scene-0102_frame31::car3|car1|ego,scene-0102_frame31,car3|car1|ego,converge,791,177,"Which car can be found to the back of ego and to the back of pedestrian28, and to the front of car3?",car1,"The car that can be found to the back of ego and to the back of pedestrian28, and to the front of car3 is a white car.",E:\Project\ADVTEST\scratch\rq1_mplug_call1000\runs\mplug-four-methods-call1000\results\mosaics\scene-0102_frame31_mosaic.jpg,yes,valid_visual_or_structural_error,medium,Prediction points to a different object/category or wrong candidate id.,yes,valid_visual_or_structural_error,ASSISTED_REVIEW: copied from auto-prefill (confidence=medium). Prediction points to a different object/category or wrong candidate id.
shared_l2_084,shared_l2_advtest,advtest,scene-0097_frame12::barrier1|barrier7|barrier6,scene-0097_frame12,barrier1|barrier7|barrier6,converge,459,77,"Which barrier can be found to the back of barrier6 and to the front left of truck1, and to the back right of car5, and to the back of barrier1, and to the front of barrier11?",barrier7,"The barrier that can be found to the back of barrier6 and to the front left of truck1, and to the back right of car5, and to the back of barrier1, and to the front of barrier1",E:\Project\ADVTEST\scratch\rq1_mplug_call1000\runs\mplug-four-methods-call1000\results\mosaics\scene-0097_frame12_mosaic.jpg,yes,valid_visual_or_structural_error,medium,Prediction points to a different object/category or wrong candidate id.,yes,valid_visual_or_structural_error,ASSISTED_REVIEW: copied from auto-prefill (confidence=medium). Prediction points to a different object/category or wrong candidate id.
shared_l2_084,shared_l2_random,random,scene-0097_frame12::barrier1|barrier7|barrier6,scene-0097_frame12,barrier1|barrier7|barrier6,converge,495,77,"Which barrier can be found to the back of barrier6 and to the front left of truck1, and to the back right of car5, and to the back of barrier1, and to the front of barrier11?",barrier7,"The barrier that can be found to the back of barrier6 and to the front left of truck1, and to the back right of car5, and to the back of barrier1, and to the front of barrier1",E:\Project\ADVTEST\scratch\rq1_mplug_call1000\runs\mplug-four-methods-call1000\results\mosaics\scene-0097_frame12_mosaic.jpg,yes,valid_visual_or_structural_error,medium,Prediction points to a different object/category or wrong candidate id.,yes,valid_visual_or_structural_error,ASSISTED_REVIEW: copied from auto-prefill (confidence=medium). Prediction points to a different object/category or wrong candidate id.
shared_l2_085,shared_l2_advtest,advtest,scene-0092_frame20::car2|car1|car7,scene-0092_frame20,car2|car1|car7,converge,325,63,"What car is positioned to the back of car7 and also to the back left of ego, and to the back of car2?",car1,"A white car is positioned to the back of car7 and also to the back left of ego, and to the back of car2.",E:\Project\ADVTEST\scratch\rq1_mplug_call1000\runs\mplug-four-methods-call1000\results\mosaics\scene-0092_frame20_mosaic.jpg,yes,valid_visual_or_structural_error,medium,Prediction points to a different object/category or wrong candidate id.,yes,valid_visual_or_structural_error,ASSISTED_REVIEW: copied from auto-prefill (confidence=medium). Prediction points to a different object/category or wrong candidate id.
shared_l2_085,shared_l2_random,random,scene-0092_frame20::car2|car1|car7,scene-0092_frame20,car2|car1|car7,converge,323,63,"What car is positioned to the back of car7 and also to the back left of ego, and to the back of car2?",car1,"A white car is positioned to the back of car7 and also to the back left of ego, and to the back of car2.",E:\Project\ADVTEST\scratch\rq1_mplug_call1000\runs\mplug-four-methods-call1000\results\mosaics\scene-0092_frame20_mosaic.jpg,yes,valid_visual_or_structural_error,medium,Prediction points to a different object/category or wrong candidate id.,yes,valid_visual_or_structural_error,ASSISTED_REVIEW: copied from auto-prefill (confidence=medium). Prediction points to a different object/category or wrong candidate id.
shared_l2_086,shared_l2_advtest,advtest,scene-0036_frame17::barrier2|barrier20|barrier7,scene-0036_frame17,barrier2|barrier20|barrier7,converge,226,64,"Identify the barrier located to the back right of ego and to the front of pedestrian1, and to the back of barrier7, and to the front right of barrier2.",barrier20,"The barrier is located to the back right of ego and to the front of pedestrian1, and to the back of barrier7, and to the front right of barrier2.",E:\Project\ADVTEST\scratch\rq1_mplug_call1000\runs\mplug-four-methods-call1000\results\mosaics\scene-0036_frame17_mosaic.jpg,yes,valid_visual_or_structural_error,medium,Prediction points to a different object/category or wrong candidate id.,yes,valid_visual_or_structural_error,ASSISTED_REVIEW: copied from auto-prefill (confidence=medium). Prediction points to a different object/category or wrong candidate id.
shared_l2_086,shared_l2_random,random,scene-0036_frame17::barrier2|barrier20|barrier7,scene-0036_frame17,barrier2|barrier20|barrier7,converge,204,184,"What barrier is to the front right of barrier13 and to the back right of barrier25, and to the back of barrier7, and to the front right of barrier2?",barrier20,The barrier in front of barrier13 and to the back right of barrier25 is a traffic barrier.,E:\Project\ADVTEST\scratch\rq1_mplug_call1000\runs\mplug-four-methods-call1000\results\mosaics\scene-0036_frame17_mosaic.jpg,yes,valid_visual_or_structural_error,medium,Prediction points to a different object/category or wrong candidate id.,yes,valid_visual_or_structural_error,ASSISTED_REVIEW: copied from auto-prefill (confidence=medium). Prediction points to a different object/category or wrong candidate id.
shared_l2_087,shared_l2_advtest,advtest,scene-0036_frame19::barrier3|barrier16|barrier8,scene-0036_frame19,barrier3|barrier16|barrier8,converge,254,159,"Identify the barrier located to the back of barrier17 and to the front of barrier9, and to the back left of barrier1, and to the back of barrier3, and to the front of barrier8.",barrier16,The barrier located to the back of barrier17 and to the front of barrier9 is barrier18.,E:\Project\ADVTEST\scratch\rq1_mplug_call1000\runs\mplug-four-methods-call1000\results\mosaics\scene-0036_frame19_mosaic.jpg,no,answer_granularity_mismatch,medium,Prediction gives the object category/description but omits the required instance id.,no,answer_granularity_mismatch,ASSISTED_REVIEW: copied from auto-prefill (confidence=medium). Prediction gives the object category/description but omits the required instance id.
shared_l2_087,shared_l2_random,random,scene-0036_frame19::barrier3|barrier16|barrier8,scene-0036_frame19,barrier3|barrier16|barrier8,converge,282,159,"Identify the barrier located to the back of barrier17 and to the front of barrier9, and to the back left of barrier1, and to the back of barrier3, and to the front of barrier8.",barrier16,The barrier located to the back of barrier17 and to the front of barrier9 is barrier18.,E:\Project\ADVTEST\scratch\rq1_mplug_call1000\runs\mplug-four-methods-call1000\results\mosaics\scene-0036_frame19_mosaic.jpg,no,answer_granularity_mismatch,medium,Prediction gives the object category/description but omits the required instance id.,no,answer_granularity_mismatch,ASSISTED_REVIEW: copied from auto-prefill (confidence=medium). Prediction gives the object category/description but omits the required instance id.
shared_l2_088,shared_l2_advtest,advtest,scene-0097_frame12::barrier5|barrier7|car5,scene-0097_frame12,barrier5|barrier7|car5,converge,452,177,"Identify the barrier located to the front of barrier5 and to the back of barrier9, and to the back right of car5, and to the back of barrier1, and to the front of barrier11.",barrier7,The barrier located to the front of barrier5 is white.,E:\Project\ADVTEST\scratch\rq1_mplug_call1000\runs\mplug-four-methods-call1000\results\mosaics\scene-0097_frame12_mosaic.jpg,yes,valid_visual_or_structural_error,medium,Prediction points to a different object/category or wrong candidate id.,yes,valid_visual_or_structural_error,ASSISTED_REVIEW: copied from auto-prefill (confidence=medium). Prediction points to a different object/category or wrong candidate id.
shared_l2_088,shared_l2_random,random,scene-0097_frame12::barrier5|barrier7|car5,scene-0097_frame12,barrier5|barrier7|car5,converge,472,177,"Identify the barrier located to the front of barrier5 and to the back of barrier9, and to the back right of car5, and to the back of barrier1, and to the front of barrier11.",barrier7,The barrier located to the front of barrier5 is white.,E:\Project\ADVTEST\scratch\rq1_mplug_call1000\runs\mplug-four-methods-call1000\results\mosaics\scene-0097_frame12_mosaic.jpg,yes,valid_visual_or_structural_error,medium,Prediction points to a different object/category or wrong candidate id.,yes,valid_visual_or_structural_error,ASSISTED_REVIEW: copied from auto-prefill (confidence=medium). Prediction points to a different object/category or wrong candidate id.
shared_l2_089,shared_l2_advtest,advtest,scene-0104_frame20::car4|car6|pedestrian7,scene-0104_frame20,car4|car6|pedestrian7,converge,915,94,"Identify the car located to the back of car4 and to the back of motorcycle1, and to the back right of car1, and to the back of pedestrian7.",car6,"The car is located to the back of car4 and to the back of motorcycle1, and to the back right of car1, and to the back of pedestrian7.",E:\Project\ADVTEST\scratch\rq1_mplug_call1000\runs\mplug-four-methods-call1000\results\mosaics\scene-0104_frame20_mosaic.jpg,yes,valid_visual_or_structural_error,medium,Prediction points to a different object/category or wrong candidate id.,yes,valid_visual_or_structural_error,ASSISTED_REVIEW: copied from auto-prefill (confidence=medium). Prediction points to a different object/category or wrong candidate id.
shared_l2_089,shared_l2_random,random,scene-0104_frame20::car4|car6|pedestrian7,scene-0104_frame20,car4|car6|pedestrian7,converge,949,130,"Which car can be found to the back of car4 and to the back right of pedestrian3, and to the back right of car1, and to the back of pedestrian7?",car6,"The car that can be found to the back of car4 and to the back right of pedestrian3, and to the back right of car1, and to the back of pedestrian7 is car2.",E:\Project\ADVTEST\scratch\rq1_mplug_call1000\runs\mplug-four-methods-call1000\results\mosaics\scene-0104_frame20_mosaic.jpg,yes,valid_visual_or_structural_error,medium,Prediction points to a different object/category or wrong candidate id.,yes,valid_visual_or_structural_error,ASSISTED_REVIEW: copied from auto-prefill (confidence=medium). Prediction points to a different object/category or wrong candidate id.
shared_l2_090,shared_l2_advtest,advtest,scene-0018_frame39::pedestrian11|pedestrian9|pedestrian7,scene-0018_frame39,pedestrian11|pedestrian9|pedestrian7,converge,88,84,"Identify the pedestrian located to the back left of pedestrian10 and to the front of pedestrian7, and to the back left of pedestrian11.",pedestrian9,"The pedestrian is located to the back left of pedestrian10 and to the front of pedestrian7, and to the back left of pedestrian11.",E:\Project\ADVTEST\scratch\rq1_mplug_call1000\runs\mplug-four-methods-call1000\results\mosaics\scene-0018_frame39_mosaic.jpg,yes,valid_visual_or_structural_error,medium,Prediction points to a different object/category or wrong candidate id.,yes,valid_visual_or_structural_error,ASSISTED_REVIEW: copied from auto-prefill (confidence=medium). Prediction points to a different object/category or wrong candidate id.
shared_l2_090,shared_l2_random,random,scene-0018_frame39::pedestrian11|pedestrian9|pedestrian7,scene-0018_frame39,pedestrian11|pedestrian9|pedestrian7,converge,76,84,"Identify the pedestrian located to the back left of pedestrian10 and to the front of pedestrian7, and to the back left of pedestrian11.",pedestrian9,"The pedestrian is located to the back left of pedestrian10 and to the front of pedestrian7, and to the back left of pedestrian11.",E:\Project\ADVTEST\scratch\rq1_mplug_call1000\runs\mplug-four-methods-call1000\results\mosaics\scene-0018_frame39_mosaic.jpg,yes,valid_visual_or_structural_error,medium,Prediction points to a different object/category or wrong candidate id.,yes,valid_visual_or_structural_error,ASSISTED_REVIEW: copied from auto-prefill (confidence=medium). Prediction points to a different object/category or wrong candidate id.
shared_l2_091,shared_l2_advtest,advtest,scene-0097_frame37::car2|pedestrian3|pedestrian8,scene-0097_frame37,car2|pedestrian3|pedestrian8,converge,519,44,"Which pedestrian can be found to the back left of car2 and to the back left of pedestrian2, and to the back right of pedestrian8?",pedestrian3,"The pedestrian in the back left of car2 and to the back left of pedestrian2, and to the back right of pedestrian8 is a man.",E:\Project\ADVTEST\scratch\rq1_mplug_call1000\runs\mplug-four-methods-call1000\results\mosaics\scene-0097_frame37_mosaic.jpg,yes,valid_visual_or_structural_error,medium,Prediction points to a different object/category or wrong candidate id.,yes,valid_visual_or_structural_error,ASSISTED_REVIEW: copied from auto-prefill (confidence=medium). Prediction points to a different object/category or wrong candidate id.
shared_l2_091,shared_l2_random,random,scene-0097_frame37::car2|pedestrian3|pedestrian8,scene-0097_frame37,car2|pedestrian3|pedestrian8,converge,526,130,"Which pedestrian can be found to the back left of car2 and to the back left of truck2, and to the back right of pedestrian8?",pedestrian3,"The pedestrian in the back left of car2 and to the back left of truck2, and to the back right of pedestrian8 is a man.",E:\Project\ADVTEST\scratch\rq1_mplug_call1000\runs\mplug-four-methods-call1000\results\mosaics\scene-0097_frame37_mosaic.jpg,yes,valid_visual_or_structural_error,medium,Prediction points to a different object/category or wrong candidate id.,yes,valid_visual_or_structural_error,ASSISTED_REVIEW: copied from auto-prefill (confidence=medium). Prediction points to a different object/category or wrong candidate id.
shared_l2_092,shared_l2_advtest,advtest,scene-0018_frame39::ego|barrier8|pedestrian8,scene-0018_frame39,ego|barrier8|pedestrian8,converge,68,70,"What barrier is positioned to the front right of ego and also to the front right of pedestrian8, and to the back of pedestrian4?",barrier8,"A metal fence is positioned to the front right of ego and also to the front right of pedestrian8, and to the back of pedestrian4.",E:\Project\ADVTEST\scratch\rq1_mplug_call1000\runs\mplug-four-methods-call1000\results\mosaics\scene-0018_frame39_mosaic.jpg,yes,valid_visual_or_structural_error,medium,Prediction points to a different object/category or wrong candidate id.,yes,valid_visual_or_structural_error,ASSISTED_REVIEW: copied from auto-prefill (confidence=medium). Prediction points to a different object/category or wrong candidate id.
shared_l2_092,shared_l2_random,random,scene-0018_frame39::ego|barrier8|pedestrian8,scene-0018_frame39,ego|barrier8|pedestrian8,converge,73,70,"What barrier is positioned to the front right of ego and also to the front right of pedestrian8, and to the back of pedestrian4?",barrier8,"A metal fence is positioned to the front right of ego and also to the front right of pedestrian8, and to the back of pedestrian4.",E:\Project\ADVTEST\scratch\rq1_mplug_call1000\runs\mplug-four-methods-call1000\results\mosaics\scene-0018_frame39_mosaic.jpg,yes,valid_visual_or_structural_error,medium,Prediction points to a different object/category or wrong candidate id.,yes,valid_visual_or_structural_error,ASSISTED_REVIEW: copied from auto-prefill (confidence=medium). Prediction points to a different object/category or wrong candidate id.
shared_l2_093,shared_l2_advtest,advtest,scene-0104_frame3::car15|car6|car20,scene-0104_frame3,car15|car6|car20,converge,970,38,"There is a car to the back of car20 and to the back of pedestrian8, and to the front left of car9, and to the front right of car15; what is it?",car6,The car in question is a white van.,E:\Project\ADVTEST\scratch\rq1_mplug_call1000\runs\mplug-four-methods-call1000\results\mosaics\scene-0104_frame3_mosaic.jpg,no,answer_granularity_mismatch,medium,Prediction gives the object category/description but omits the required instance id.,no,answer_granularity_mismatch,ASSISTED_REVIEW: copied from auto-prefill (confidence=medium). Prediction gives the object category/description but omits the required instance id.
shared_l2_093,shared_l2_random,random,scene-0104_frame3::car15|car6|car20,scene-0104_frame3,car15|car6|car20,converge,976,38,"There is a car to the back of car20 and to the back of pedestrian8, and to the front left of car9, and to the front right of car15; what is it?",car6,The car in question is a white van.,E:\Project\ADVTEST\scratch\rq1_mplug_call1000\runs\mplug-four-methods-call1000\results\mosaics\scene-0104_frame3_mosaic.jpg,no,answer_granularity_mismatch,medium,Prediction gives the object category/description but omits the required instance id.,no,answer_granularity_mismatch,ASSISTED_REVIEW: copied from auto-prefill (confidence=medium). Prediction gives the object category/description but omits the required instance id.
shared_l2_094,shared_l2_advtest,advtest,scene-0035_frame39::car3|pedestrian6|pedestrian1,scene-0035_frame39,car3|pedestrian6|pedestrian1,converge,168,105,"Which pedestrian can be found to the front right of ego and to the front of pedestrian1, and to the front right of car3?",pedestrian6,"The pedestrian can be found to the front right of ego and to the front of pedestrian1, and to the front right of car3.",E:\Project\ADVTEST\scratch\rq1_mplug_call1000\runs\mplug-four-methods-call1000\results\mosaics\scene-0035_frame39_mosaic.jpg,yes,valid_visual_or_structural_error,medium,Prediction points to a different object/category or wrong candidate id.,yes,valid_visual_or_structural_error,ASSISTED_REVIEW: copied from auto-prefill (confidence=medium). Prediction points to a different object/category or wrong candidate id.
shared_l2_094,shared_l2_random,random,scene-0035_frame39::car3|pedestrian6|pedestrian1,scene-0035_frame39,car3|pedestrian6|pedestrian1,converge,189,105,"Which pedestrian can be found to the front right of ego and to the front of pedestrian1, and to the front right of car3?",pedestrian6,"The pedestrian can be found to the front right of ego and to the front of pedestrian1, and to the front right of car3.",E:\Project\ADVTEST\scratch\rq1_mplug_call1000\runs\mplug-four-methods-call1000\results\mosaics\scene-0035_frame39_mosaic.jpg,yes,valid_visual_or_structural_error,medium,Prediction points to a different object/category or wrong candidate id.,yes,valid_visual_or_structural_error,ASSISTED_REVIEW: copied from auto-prefill (confidence=medium). Prediction points to a different object/category or wrong candidate id.
shared_l2_095,shared_l2_advtest,advtest,scene-0099_frame8::car20|car3|truck1,scene-0099_frame8,car20|car3|truck1,converge,651,12,"Identify the car located to the front of car20 and to the front of car8, and to the back left of truck1, and to the back of car12, and to the front of car7.",car3,"The car is located to the front of car20 and to the front of car8, and to the back left of truck1, and to the back of car12, and to the front of car7.",E:\Project\ADVTEST\scratch\rq1_mplug_call1000\runs\mplug-four-methods-call1000\results\mosaics\scene-0099_frame8_mosaic.jpg,yes,valid_visual_or_structural_error,medium,Prediction points to a different object/category or wrong candidate id.,yes,valid_visual_or_structural_error,ASSISTED_REVIEW: copied from auto-prefill (confidence=medium). Prediction points to a different object/category or wrong candidate id.
shared_l2_095,shared_l2_random,random,scene-0099_frame8::car20|car3|truck1,scene-0099_frame8,car20|car3|truck1,converge,676,12,"Identify the car located to the front of car20 and to the front of car8, and to the back left of truck1, and to the back of car12, and to the front of car7.",car3,"The car is located to the front of car20 and to the front of car8, and to the back left of truck1, and to the back of car12, and to the front of car7.",E:\Project\ADVTEST\scratch\rq1_mplug_call1000\runs\mplug-four-methods-call1000\results\mosaics\scene-0099_frame8_mosaic.jpg,yes,valid_visual_or_structural_error,medium,Prediction points to a different object/category or wrong candidate id.,yes,valid_visual_or_structural_error,ASSISTED_REVIEW: copied from auto-prefill (confidence=medium). Prediction points to a different object/category or wrong candidate id.
shared_l2_096,shared_l2_advtest,advtest,scene-0092_frame20::car10|car4|car5,scene-0092_frame20,car10|car4|car5,converge,309,6,"There is a car to the front of car5 and to the back of car8, and to the front of car10, and to the back of car7; what is it?",car4,The car is a white truck.,E:\Project\ADVTEST\scratch\rq1_mplug_call1000\runs\mplug-four-methods-call1000\results\mosaics\scene-0092_frame20_mosaic.jpg,no,answer_granularity_mismatch,medium,Prediction gives the object category/description but omits the required instance id.,no,answer_granularity_mismatch,ASSISTED_REVIEW: copied from auto-prefill (confidence=medium). Prediction gives the object category/description but omits the required instance id.
shared_l2_096,shared_l2_random,random,scene-0092_frame20::car10|car4|car5,scene-0092_frame20,car10|car4|car5,converge,321,6,"There is a car to the front of car5 and to the back of car8, and to the front of car10, and to the back of car7; what is it?",car4,The car is a white truck.,E:\Project\ADVTEST\scratch\rq1_mplug_call1000\runs\mplug-four-methods-call1000\results\mosaics\scene-0092_frame20_mosaic.jpg,no,answer_granularity_mismatch,medium,Prediction gives the object category/description but omits the required instance id.,no,answer_granularity_mismatch,ASSISTED_REVIEW: copied from auto-prefill (confidence=medium). Prediction gives the object category/description but omits the required instance id.
shared_l2_097,shared_l2_advtest,advtest,scene-0099_frame35::car1|barrier12|pedestrian4,scene-0099_frame35,car1|barrier12|pedestrian4,converge,635,130,"Which barrier can be found to the front of car1 and to the back of pedestrian7, and to the back left of pedestrian4, and to the front of barrier3?",barrier12,"The barrier can be found to the front of car1 and to the back of pedestrian7, and to the back left of pedestrian4, and to the front of barrier3.",E:\Project\ADVTEST\scratch\rq1_mplug_call1000\runs\mplug-four-methods-call1000\results\mosaics\scene-0099_frame35_mosaic.jpg,yes,valid_visual_or_structural_error,medium,Prediction points to a different object/category or wrong candidate id.,yes,valid_visual_or_structural_error,ASSISTED_REVIEW: copied from auto-prefill (confidence=medium). Prediction points to a different object/category or wrong candidate id.
shared_l2_097,shared_l2_random,random,scene-0099_frame35::car1|barrier12|pedestrian4,scene-0099_frame35,car1|barrier12|pedestrian4,converge,609,130,"Which barrier can be found to the front of car1 and to the back of pedestrian7, and to the back left of pedestrian4, and to the front of barrier3?",barrier12,"The barrier can be found to the front of car1 and to the back of pedestrian7, and to the back left of pedestrian4, and to the front of barrier3.",E:\Project\ADVTEST\scratch\rq1_mplug_call1000\runs\mplug-four-methods-call1000\results\mosaics\scene-0099_frame35_mosaic.jpg,yes,valid_visual_or_structural_error,medium,Prediction points to a different object/category or wrong candidate id.,yes,valid_visual_or_structural_error,ASSISTED_REVIEW: copied from auto-prefill (confidence=medium). Prediction points to a different object/category or wrong candidate id.
shared_l2_098,shared_l2_advtest,advtest,scene-0099_frame35::ego|barrier7|trailer1,scene-0099_frame35,ego|barrier7|trailer1,converge,608,20,"What barrier is positioned to the back of barrier18 and also to the back right of trailer1, and to the back right of ego, and to the front of barrier21, and to the front right of car1?",barrier7,"A barrier is positioned to the back of barrier18 and also to the back right of trailer1, and to the back right of ego, and to the front of barrier21, and to the front right of",E:\Project\ADVTEST\scratch\rq1_mplug_call1000\runs\mplug-four-methods-call1000\results\mosaics\scene-0099_frame35_mosaic.jpg,yes,valid_visual_or_structural_error,medium,Prediction points to a different object/category or wrong candidate id.,yes,valid_visual_or_structural_error,ASSISTED_REVIEW: copied from auto-prefill (confidence=medium). Prediction points to a different object/category or wrong candidate id.
shared_l2_098,shared_l2_random,random,scene-0099_frame35::ego|barrier7|trailer1,scene-0099_frame35,ego|barrier7|trailer1,converge,633,20,"What barrier is positioned to the back of barrier18 and also to the back right of trailer1, and to the back right of ego, and to the front of barrier21, and to the front right of car1?",barrier7,"A barrier is positioned to the back of barrier18 and also to the back right of trailer1, and to the back right of ego, and to the front of barrier21, and to the front right of",E:\Project\ADVTEST\scratch\rq1_mplug_call1000\runs\mplug-four-methods-call1000\results\mosaics\scene-0099_frame35_mosaic.jpg,yes,valid_visual_or_structural_error,medium,Prediction points to a different object/category or wrong candidate id.,yes,valid_visual_or_structural_error,ASSISTED_REVIEW: copied from auto-prefill (confidence=medium). Prediction points to a different object/category or wrong candidate id.
shared_l2_099,shared_l2_advtest,advtest,scene-0102_frame31::car1|pedestrian34|pedestrian11,scene-0102_frame31,car1|pedestrian34|pedestrian11,converge,788,41,"There is a pedestrian to the back left of car1 and to the back of ego, and to the back right of pedestrian11; what is it?",pedestrian34,It is a bridge.,E:\Project\ADVTEST\scratch\rq1_mplug_call1000\runs\mplug-four-methods-call1000\results\mosaics\scene-0102_frame31_mosaic.jpg,uncertain,other,low,Heuristic cannot confidently classify this failure; manual review required.,uncertain,other,ASSISTED_REVIEW: retained as uncertain because auto-prefill confidence is low. Heuristic cannot confidently classify this failure; manual review required.
shared_l2_099,shared_l2_random,random,scene-0102_frame31::car1|pedestrian34|pedestrian11,scene-0102_frame31,car1|pedestrian34|pedestrian11,converge,797,41,"There is a pedestrian to the back left of car1 and to the back of ego, and to the back right of pedestrian11; what is it?",pedestrian34,It is a bridge.,E:\Project\ADVTEST\scratch\rq1_mplug_call1000\runs\mplug-four-methods-call1000\results\mosaics\scene-0102_frame31_mosaic.jpg,uncertain,other,low,Heuristic cannot confidently classify this failure; manual review required.,uncertain,other,ASSISTED_REVIEW: retained as uncertain because auto-prefill confidence is low. Heuristic cannot confidently classify this failure; manual review required.
shared_l2_100,shared_l2_advtest,advtest,scene-0099_frame8::barrier4|car20|car10,scene-0099_frame8,barrier4|car20|car10,converge,665,80,"Which car can be found to the back left of barrier7 and to the back of car10, and to the back of car1, and to the back of barrier4?",car20,"The car that can be found to the back left of barrier7 and to the back of car10, and to the back of car1, and to the back of barrier4 is a white van.",E:\Project\ADVTEST\scratch\rq1_mplug_call1000\runs\mplug-four-methods-call1000\results\mosaics\scene-0099_frame8_mosaic.jpg,yes,valid_visual_or_structural_error,medium,Prediction points to a different object/category or wrong candidate id.,yes,valid_visual_or_structural_error,ASSISTED_REVIEW: copied from auto-prefill (confidence=medium). Prediction points to a different object/category or wrong candidate id.
shared_l2_100,shared_l2_random,random,scene-0099_frame8::barrier4|car20|car10,scene-0099_frame8,barrier4|car20|car10,converge,653,80,"Which car can be found to the back left of barrier7 and to the back of car10, and to the back of car1, and to the back of barrier4?",car20,"The car that can be found to the back left of barrier7 and to the back of car10, and to the back of car1, and to the back of barrier4 is a white van.",E:\Project\ADVTEST\scratch\rq1_mplug_call1000\runs\mplug-four-methods-call1000\results\mosaics\scene-0099_frame8_mosaic.jpg,yes,valid_visual_or_structural_error,medium,Prediction points to a different object/category or wrong candidate id.,yes,valid_visual_or_structural_error,ASSISTED_REVIEW: copied from auto-prefill (confidence=medium). Prediction points to a different object/category or wrong candidate id.
